name,club_abb,club,2021 guaranteed comp.,2022 guar. comp.,position,birth_city,birth_country,"height, cm","weight, kg",foot,games_played,game_started,sum,average,trim data,merge data,length,exact
Valentin Castellanos,NYC,New York City,776000,1076000,Forward,Mendoza,Argentina,178,70,Right,32,32,1852000,32,Valentin Castellanos,"Argentina , Mendoza",20,FALSE
Ola Kamara,DC,DC United,420000,1520000,Forward,,,185,82,,28,22,1940000,25,Ola Kamara," , ",10,TRUE
Javier Hernandez,LA,LA Galaxy,6000000,7443750,Forward,Guadalajara,Mexico,175,73,Right,21,20,13443750,20.5,Javier Hernandez,"Mexico , Guadalajara",16,FALSE
Raul Ruidiaz,SEA,Seattle Sounders,2100000,3201120,Forward,Lima,Peru,169,65,Right,26,24,5301120,25,Raul Ruidiaz,"Peru , Lima",12,FALSE
Damir Kreilach,RSL,Real Salt Lake,1350000,1762572,Midfielder,Vukovar,Croatia,186,79,Right,33,32,3112572,32.5,Damir Kreilach,"Croatia , Vukovar",14,FALSE
Hany Mukhtar,NSH,Nashville,1505000,1926250,Midfielder,Berlin,Germany,173,72,Both,31,28,3431250,29.5,Hany Mukhtar,"Germany , Berlin",12,FALSE
Daniel Salloi,SKC,Sporting Kansas City,456667,506667,Forward,Siófok,Hungary,185,70,Both,30,26,963334,28,Daniel Salloi,"Hungary , Siófok",13,FALSE
Gustavo Bou,NE,New England Revolutio,2120000,2675000,Forward,Entre Ríos,Argentina,176,72,Right,30,25,4795000,27.5,Gustavo Bou,"Argentina , Entre Ríos",11,FALSE
Johnny Russell,SKC,Sporting Kansas City,1600000,2000000,Forward,Glasgow,Scotland,178,79,Both,30,26,3600000,28,Johnny Russell,"Scotland , Glasgow",14,FALSE
Cristian Arango,LAFC,LAFC,659000,683000,Forward,Medellín,Colombia,178,70,Right,17,15,1342000,16,Cristian Arango,"Colombia , Medellín",15,FALSE
Gonzalo Higuain,MIA,Inter Miami,5793750,5793750,Forward,,,186,89,,30,28,11587500,29,Gonzalo Higuain," , ",15,TRUE
Cj Sapong,NSH,Nashville,427778,550000,Forward,Manassas,USA,185,84,Right,33,27,977778,30,Cj Sapong,"USA , Manassas",9,FALSE
Josef Martinez,ATL,Atlanta United,3891667,4141667,Forward,Valencia,Venezuela,172,74,Right,24,18,8033334,21,Josef Martinez,"Venezuela , Valencia",14,FALSE
Kacper Przybylko,PHI,Philadelphia Union,916250,1212504,Forward,Bielefeld,Germany,192,88,Both,34,29,2128754,31.5,Kacper Przybylko,"Germany , Bielefeld",16,FALSE
Brian White,VAN,Vancouver Whitecaps,216000,456000,Forward,Pittsburgh,USA,180,84,,27,23,672000,25,Brian White,"USA , Pittsburgh",11,FALSE
Lucas Zelarayan,CLB,Columbus Crew,1985000,3700000,Midfielder,Córdoba,Argentina,172,70,Right,32,28,5685000,30,Lucas Zelarayan,"Argentina , Córdoba",15,FALSE
Felipe Mora,POR,Portland Timbers,905000,955000,Forward,Santiago,Chile,175,68,Right,29,22,1860000,25.5,Felipe Mora,"Chile , Santiago",11,FALSE
Fafa Picault,HOU,Houston Dynamo,500000,600000,Midfielder,New York,USA,173,63,Right,31,29,1100000,30,Fafa Picault,"USA , New York",12,FALSE
Albert Rusnak,RSL,Real Salt Lake,2351667,1871667,Midfielder,Vyškov,Czech Republic,175,61,Both,34,34,4223334,34,Albert Rusnak,"Czech Republic , Vyškov",13,FALSE
Dairon Asprilla,POR,Portland Timbers,277500,352500,Forward,Istmina,Colombia,180,75,Right,34,25,630000,29.5,Dairon Asprilla,"Colombia , Istmina",15,FALSE
Cristian Dajome,VAN,Vancouver Whitecaps,447917,815625,Forward,Bogotá,Colombia,172,70,Right,33,31,1263542,32,Cristian Dajome,"Colombia , Bogotá",15,FALSE
Robin Lod,MIN,Minnesota United,952496,952496,Midfielder,Helsinki,Finland,181,82,Left,23,21,1904992,22,Robin Lod,"Finland , Helsinki",9,FALSE
Marcelino Moreno,ATL,Atlanta United,400000,568333,Midfielder,San Martin,Argentina,168,65,,32,30,968333,31,Marcelino Moreno,"Argentina , San Martin",16,FALSE
Jader Obrian,DAL,Dallas,444600,467100,Forward,María la Baja,Colombia,165,62,Right,34,25,911700,29.5,Jader Obrian,"Colombia , María la Baja",12,FALSE
Gyasi Zardes,CLB,Columbus Crew,1400000,1550000,Forward,Hawthorne,USA,188,80,Both,21,18,2950000,19.5,Gyasi Zardes,"USA , Hawthorne",12,FALSE
Michael Barrios,COL,Colorado Rapids,650000,680000,Forward,Barranquilla,Colombia,163,61,Right,33,25,1330000,29,Michael Barrios,"Colombia , Barranquilla",15,FALSE
Miguel Berry,CLB,Columbus Crew,85444,120000,Forward,Barcelona,Spain,191,82,,18,9,205444,13.5,Miguel Berry,"Spain , Barcelona",12,FALSE
Jesus Ferreira,DAL,Dallas,550000,1499000,Forward,Santa Marta,Colombia,173,68,Right,27,26,2049000,26.5,Jesus Ferreira,"Colombia , Santa Marta",14,FALSE
Anderson Julio,RSL,Real Salt Lake,485875,820000,Forward,Pimampiro,Ecuador,180,70,Right,30,10,1305875,20,Anderson Julio,"Ecuador , Pimampiro",14,FALSE
Patryk Klimala,RBNY,New York Red Bulls,1135000,1135000,Forward,,,183,76,,29,26,2270000,27.5,Patryk Klimala," , ",14,TRUE
Randall Leal,NSH,Nashville,477750,965000,Midfielder,San José,Costa Rica,169,74,Right,31,25,1442750,28,Randall Leal,"Costa Rica , San José",12,FALSE
Alan Pulido,SKC,Sporting Kansas City,2200000,2200000,Forward,Ciudad Victoria,Mexico,178,82,Right,21,15,4400000,18,Alan Pulido,"Mexico , Ciudad Victoria",11,FALSE
Romell Quioto,MTL,Montreal,885000,885000,Forward,Balfate,Honduras,178,69,Right,19,14,1770000,16.5,Romell Quioto,"Honduras , Balfate",13,FALSE
Rubio Rubin,RSL,Real Salt Lake,152067,582937,Forward,Beaverton,USA,178,82,,34,25,735004,29.5,Rubio Rubin,"USA , Beaverton",11,FALSE
Brenner Souza Da Silva,CIN,Cincinnati,1760418,2218600,Forward,,Brazil,175,70,,33,33,3979018,33,Brenner Souza Da Silva,"Brazil , ",22,FALSE
Luciano Acosta,CIN,Cincinnati,2222854,2222854,Midfielder,Rosario,Argentina,161,61,Right,31,30,4445708,30.5,Luciano Acosta,"Argentina , Rosario",14,FALSE
Ezequiel Barco,ATL,Atlanta United,2358333,2200000,Midfielder,Villa Gobernador Gálvez,Argentina,162,67,,25,23,4558333,24,Ezequiel Barco,"Argentina , Villa Gobernador Gálvez",14,FALSE
Sebastian Blanco,POR,Portland Timbers,2313333,1708000,Midfielder,Buenos Aires,Argentina,170,68,Both,24,12,4021333,18,Sebastian Blanco,"Argentina , Buenos Aires",16,FALSE
Diego Fagundez,ATX,Austin,400000,450000,Midfielder,Montevideo,Uruguay,173,64,,33,30,850000,31.5,Diego Fagundez,"Uruguay , Montevideo",14,FALSE
Franco Jara,DAL,Dallas,2977000,3227000,Forward,Villa María,Argentina,179,78,Right,29,12,6204000,20.5,Franco Jara,"Argentina , Villa María",11,FALSE
Jonathan Lewis,COL,Colorado Rapids,435000,435000,Midfielder,Plantation,USA,170,68,,27,12,870000,19.5,Jonathan Lewis,"USA , Plantation",14,FALSE
Fredy Montero,SEA,Seattle Sounders,81375,110000,Forward,Campo de la Cruz,Colombia,176,73,Right,29,15,191375,22,Fredy Montero,"Colombia , Campo de la Cruz",13,FALSE
Ismael Tajouri-Shradi,NYC,New York City,618985,647860,Forward,Bern,Switzerland,168,64,Left,23,14,1266845,18.5,Ismael Tajouri-Shradi,"Switzerland , Bern",21,FALSE
Mason Toye,MTL,Montreal,233000,558000,Forward,,,190,82,,14,10,791000,12,Mason Toye," , ",10,TRUE
Maximiliano Urruti,HOU,Houston Dynamo,1270146,661250,Forward,Rosario,Argentina,183,75,Right,30,25,1931396,27.5,Maximiliano Urruti,"Argentina , Rosario",18,FALSE
Paul Arriola,DC,DC United,1050000,1130000,Midfielder,Chula Vista,USA,167,66,,20,19,2180000,19.5,Paul Arriola,"USA , Chula Vista",12,FALSE
"Anthony Marcucci, Jr.",RBNY,New York Red Bulls,63547,66724,Midfielder,,,176,68,Right,27,24,130271,25.5,"Anthony Marcucci, Jr."," , ",21,TRUE
Yimmi Chara,POR,Portland Timbers,1503000,1803000,Midfielder,Cali,Colombia,168,77,Right,30,29,3306000,29.5,Yimmi Chara,"Colombia , Cali",11,FALSE
Cristian Roldan,SEA,Seattle Sounders,881542,981542,Midfielder,Artesia,USA,173,75,Right,28,27,1863084,27.5,Cristian Roldan,"USA , Artesia",15,FALSE
Sergio Santos,PHI,Philadelphia Union,728500,918500,Forward,Belo Horizonte,Brazil,183,84,Right,26,17,1647000,21.5,Sergio Santos,"Brazil , Belo Horizonte",13,FALSE
Dominique Badji,COL,Colorado Rapids,306250,555000,Forward,Dakar,Senegal,183,77,,12,3,861250,7.5,Dominique Badji,"Senegal , Dakar",15,FALSE
Cole Bassett,COL,Colorado Rapids,119000,450000,Midfielder,,,180,68,,32,23,569000,27.5,Cole Bassett," , ",12,TRUE
Kevin Cabral,LA,LA Galaxy,1440000,1650000,Forward,,,185,69,,28,24,3090000,26,Kevin Cabral," , ",12,TRUE
Deiber Caicedo,VAN,Vancouver Whitecaps,331125,331125,Forward,Barbacoas,Colombia,168,66,,33,24,662250,28.5,Deiber Caicedo,"Colombia , Barbacoas",14,FALSE
Jose Cifuentes,LAFC,LAFC,411750,411750,Midfielder,Esmeraldas,Ecuador,178,70,Right,32,26,823500,29,Jose Cifuentes,"Ecuador , Esmeraldas",14,FALSE
Cade Cowell,SJ,San Jose Earthquakes,130000,635364,Forward,Ceres,USA,175,79,Right,33,14,765364,23.5,Cade Cowell,"USA , Ceres",11,FALSE
Sebastian Driussi,ATX,Austin,2688420,2317000,Forward,Buenos Aires,Argentina,179,80,Both,17,16,5005420,16.5,Sebastian Driussi,"Argentina , Buenos Aires",17,FALSE
Franco Fragapane,MIN,Minnesota United,142500,257496,Forward,Mendoza,Argentina,169,66,Right,19,19,399996,19,Franco Fragapane,"Argentina , Mendoza",16,FALSE
Gadi Kinda,SKC,Sporting Kansas City,918000,918000,Midfielder,Ashdod,Israel,173,65,Right,26,24,1836000,25,Gadi Kinda,"Israel , Ashdod",10,FALSE
Sacha Kljestan,LA,LA Galaxy,247350,84000,Midfielder,"Huntington Beach, CA",USA,185,68,Both,31,13,331350,22,Sacha Kljestan,"USA , Huntington Beach, CA",14,FALSE
Emanuel Reynoso,MIN,Minnesota United,966910,1066910,Midfielder,Córdoba,Argentina,177,65,Left,29,28,2033820,28.5,Emanuel Reynoso,"Argentina , Córdoba",15,FALSE
Diego Rubio Kostner,COL,Colorado Rapids,629583,629583,Forward,Santiago de Chile,Chile,180,77,Right,26,19,1259166,22.5,Diego Rubio Kostner,"Chile , Santiago de Chile",19,FALSE
Carlos Vela,LAFC,LAFC,6300000,2737500,Forward,Cancún,Mexico,177,77,Left,20,15,9037500,17.5,Carlos Vela,"Mexico , Cancún",11,FALSE
Jozy Altidore,TOR,Toronto,3602250,4264963,Forward,Livingston,USA,185,79,Right,16,8,7867213,12,Jozy Altidore,"USA , Livingston",13,FALSE
Cory Burke,PHI,Philadelphia Union,400770,450770,Forward,Kingston,Jamaica,193,82,,19,10,851540,14.5,Cory Burke,"Jamaica , Kingston",10,FALSE
Caden Clark,RBNY,New York Red Bulls,143973,331850,Midfielder,Medina,USA,180,68,,24,17,475823,20.5,Caden Clark,"USA , Medina",11,FALSE
Junior Urso,ORL,Orlando City,730000,780000,Midfielder,,,180,72,,30,29,1510000,29.5,Junior Urso," , ",11,TRUE
Thiago De Andrade,NYC,New York City,199600,199600,Forward,,Brazil,180,68,,21,9,399200,15,Thiago De Andrade,"Brazil , ",17,FALSE
Luiz Araujo,ATL,Atlanta United,3941667,4480333,Forward,Taquaritinga,Brazil,175,70,Left,15,13,8422000,14,Luiz Araujo,"Brazil , Taquaritinga",11,FALSE
Ryan Gauld,VAN,Vancouver Whitecaps,2025000,2265000,Midfielder,Aberdeen,Scotland,169,68,,18,13,4290000,15.5,Ryan Gauld,"Scotland , Aberdeen",10,FALSE
Daniel Gazdag,PHI,Philadelphia Union,336250,586250,Midfielder,,Hungary,178,76,,23,17,922500,20,Daniel Gazdag,"Hungary , ",13,FALSE
Carles Gil,NE,New England Revolutio,3045833,3545833,Midfielder,Valencia,Spain,171,65,Left,28,24,6591666,26,Carles Gil,"Spain , Valencia",10,FALSE
Sunusi Ibrahim,MTL,Montreal,291250,291250,Forward,Keffi,Nigeria,,,,26,9,582500,17.5,Sunusi Ibrahim,"Nigeria , Keffi",14,FALSE
Benjamin Kikanovic,SJ,San Jose Earthquakes,69322,91219,Forward,San Jose,USA,183,75,,17,9,160541,13,Benjamin Kikanovic,"USA , San Jose",18,FALSE
Pedro Santos,CLB,Columbus Crew,864560,687500,Midfielder,,Portugal,179,76,Left,32,30,1552060,31,Pedro Santos,"Portugal , ",12,FALSE
Mamadou Fall,LAFC,LAFC,94125,118750,Defender,Rufisque,Senegal,188,74,,19,16,212875,17.5,Mamadou Fall,"Senegal , Rufisque",12,FALSE
Jimmy Medranda,SEA,Seattle Sounders,190000,210000,Defender,Mosquera,Colombia,166,69,Left,25,15,400000,20,Jimmy Medranda,"Colombia , Mosquera",14,FALSE
Benji Michel,ORL,Orlando City,115553,121303,Forward,,,178,75,,34,19,236856,26.5,Benji Michel," , ",12,TRUE
Djordje Mihailovic,MTL,Montreal,651875,751875,Midfielder,"Jacksonville, FL",USA,178,69,,34,32,1403750,33,Djordje Mihailovic,"USA , Jacksonville, FL",18,FALSE
Danny Musovski,LAFC,LAFC,85444,93988,Forward,Henderson,USA,183,77,Right,22,5,179432,13.5,Danny Musovski,"USA , Henderson",14,FALSE
Jonathan Osorio,TOR,Toronto,876250,1026250,Midfielder,Toronto,Canada,175,69,,24,19,1902500,21.5,Jonathan Osorio,"Canada , Toronto",15,FALSE
Keaton Parks,NYC,New York City,350000,500000,Midfielder,Plano,USA,191,81,Right,31,28,850000,29.5,Keaton Parks,"USA , Plano",12,FALSE
Alexander Ring,ATX,Austin,1095000,1640000,Midfielder,Helsinki,Finland,178,73,Right,31,31,2735000,31,Alexander Ring,"Finland , Helsinki",14,FALSE
Nigel Robertha,DC,DC United,622406,622406,Forward,,,185,77,Left,18,9,1244812,13.5,Nigel Robertha," , ",14,TRUE
Joaquin Torres,MTL,Montreal,249800,279800,Midfielder,Neuquén,Argentina,165,61,Left,28,22,529600,25,Joaquin Torres,"Argentina , Neuquén",14,FALSE
Brandon Vazquez,CIN,Cincinnati,279167,517500,Forward,Chula Vista,USA,188,89,,31,6,796667,18.5,Brandon Vazquez,"USA , Chula Vista",15,FALSE
Paxten Aaronson,PHI,Philadelphia Union,91500,111500,Midfielder,,,175,63,Right,14,5,203000,9.5,Paxten Aaronson," , ",15,TRUE
Tesho Akindele,ORL,Orlando City,290000,340000,Forward,,,185,77,,32,15,630000,23.5,Tesho Akindele," , ",14,TRUE
Ayo Akinola,TOR,Toronto,157513,671875,Forward,,USA,177,89,,11,8,829388,9.5,Ayo Akinola,"USA , ",11,FALSE
Alvaro Barreal,CIN,Cincinnati,300000,350000,Midfielder,Buenos Aires,Argentina,172,66,Left,33,26,650000,29.5,Alvaro Barreal,"Argentina , Buenos Aires",14,FALSE
Alejandro Bedoya,PHI,Philadelphia Union,1023333,1110000,Midfielder,Englewood,USA,180,73,Right,32,30,2133333,31,Alejandro Bedoya,"USA , Englewood",16,FALSE
Will Bruin,SEA,Seattle Sounders,458333,260000,Forward,St. Louis,USA,188,88,,24,16,718333,20,Will Bruin,"USA , St. Louis",10,FALSE
Teal Bunbury,NE,New England Revolutio,391667,444167,Forward,Hamilton,Canada,188,80,Both,29,12,835834,20.5,Teal Bunbury,"Canada , Hamilton",12,FALSE
Rudy Camacho,MTL,Montreal,851653,554000,Defender,L'Arbresle,France,185,79,,31,31,1405653,31,Rudy Camacho,"France , L'Arbresle",12,FALSE
Lucas Cavallini,VAN,Vancouver Whitecaps,1362500,1462500,Forward,Toronto,Canada,180,86,Left,21,14,2825000,17.5,Lucas Cavallini,"Canada , Toronto",15,FALSE
Marco Delgado,TOR,Toronto,581250,726250,Midfielder,Glendora,USA,176,67,,30,27,1307500,28.5,Marco Delgado,"USA , Glendora",13,FALSE
Cristian Espinoza,SJ,San Jose Earthquakes,1265000,1265000,Midfielder,Buenos Aires,Argentina,175,73,Right,32,28,2530000,30,Cristian Espinoza,"Argentina , Buenos Aires",17,FALSE
Omir Fernandez,RBNY,New York Red Bulls,130000,155000,Midfielder,Bronx,USA,170,64,,22,8,285000,15,Omir Fernandez,"USA , Bronx",14,FALSE
Ethan Finlay,MIN,Minnesota United,450000,350000,Midfielder,Duluth,USA,176,73,,30,19,800000,24.5,Ethan Finlay,"USA , Duluth",12,FALSE
Jon Gallagher,ATX,Austin,81375,155000,Defender,,,175,72,,27,13,236375,20,Jon Gallagher," , ",13,TRUE
Jakob Glesnes,PHI,Philadelphia Union,448125,739063,Defender,Bergen,Norway,188,84,Right,34,34,1187188,34,Jakob Glesnes,"Norway , Bergen",13,FALSE
Omar Gonzalez,TOR,Toronto,1055936,450000,Defender,Dallas,USA,196,94,Right,27,26,1505936,26.5,Omar Gonzalez,"USA , Dallas",13,FALSE
Samuel Grandsir,LA,LA Galaxy,938427,988427,Forward,Evreux,France,170,65,Right,34,24,1926854,29,Samuel Grandsir,"France , Evreux",15,FALSE
Ryan Hollingshead,DAL,Dallas,346500,393750,Defender,Granite Bay,USA,188,84,,30,30,740250,30,Ryan Hollingshead,"USA , Granite Bay",17,FALSE
Robin Jansson,ORL,Orlando City,556250,581250,Defender,Trollhättan,Sweden,187,87,,28,26,1137500,27,Robin Jansson,"Sweden , Trollhättan",13,FALSE
Dejuan Jones,NE,New England Revolutio,99938,370000,Defender,,USA,181,75,,31,29,469938,30,Dejuan Jones,"USA , ",12,FALSE
Richie Laryea,TOR,Toronto,226953,1276745,Midfielder,Toronto,Canada,175,68,Right,27,26,1503698,26.5,Richie Laryea,"Canada , Toronto",13,FALSE
Sebastian Lletget,LA,LA Galaxy,923750,1023750,Midfielder,San Francisco,,178,69,Left,26,21,1947500,23.5,Sebastian Lletget," , San Francisco",17,FALSE
Maxi Moralez,NYC,New York City,3285000,1300000,Midfielder,Granadero Baigorria,Argentina,160,52,Right,30,27,4585000,28.5,Maxi Moralez,"Argentina , Granadero Baigorria",12,FALSE
Chris Mueller,ORL,Orlando City,137465,612316,Forward,Schaumburg,USA,175,74,,29,18,749781,23.5,Chris Mueller,"USA , Schaumburg",13,FALSE
Alex Muyl,NSH,Nashville,246563,331562,Midfielder,New York,USA,180,79,,32,16,578125,24,Alex Muyl,"USA , New York",9,FALSE
Jaroslaw Niezgoda,POR,Portland Timbers,908758,976758,Forward,Poniatowa,Poland,185,77,Both,13,3,1885516,8,Jaroslaw Niezgoda,"Poland , Poniatowa",17,FALSE
Cristhian Paredes,POR,Portland Timbers,283500,350000,Midfielder,Paraguarí,Paraguay,183,70,Right,20,13,633500,16.5,Cristhian Paredes,"Paraguay , Paraguarí",17,FALSE
Rodolfo Pizarro,MIA,Inter Miami,3350000,3350000,Midfielder,Tampico,Mexico,175,71,Right,27,20,6700000,23.5,Rodolfo Pizarro,"Mexico , Tampico",15,FALSE
Darwin Quintero,HOU,Houston Dynamo,1352055,661250,Forward,Tumaco,Colombia,164,61,Right,20,9,2013305,14.5,Darwin Quintero,"Colombia , Tumaco",15,FALSE
Santiago Rodriguez,NYC,New York City,612500,612500,Midfielder,Montevideo,Uruguay,168,62,Right,21,11,1225000,16,Santiago Rodriguez,"Uruguay , Montevideo",18,FALSE
Jacob Shaffelburg,TOR,Toronto,116500,136500,Forward,Port Williams,Canada,177,75,,20,11,253000,15.5,Jacob Shaffelburg,"Canada , Port Williams",17,FALSE
Khiry Shelton,SKC,Sporting Kansas City,650000,350000,Forward,Fort Carson,USA,191,86,Right,31,25,1000000,28,Khiry Shelton,"USA , Fort Carson",13,FALSE
Brad Smith,SEA,Seattle Sounders,566250,591250,Defender,,,178,70,,27,20,1157500,23.5,Brad Smith," , ",10,TRUE
Indiana Vassilev,MIA,Inter Miami,81375,134000,Midfielder,,,173,72,,21,7,215375,14,Indiana Vassilev," , ",16,TRUE
Victor Vazquez,LA,LA Galaxy,439167,440000,Midfielder,Barcelona,Spain,180,78,Right,28,21,879167,24.5,Victor Vazquez,"Spain , Barcelona",14,FALSE
Matias Gabriel Vera,HOU,Houston Dynamo,356250,622812,Midfielder,,Argentina,168,65,Right,30,29,979062,29.5,Matias Gabriel Vera,"Argentina , ",19,FALSE
Kai Wagner,PHI,Philadelphia Union,521000,581000,Defender,Geislingen an der Steige,Germany,183,80,Left,33,31,1102000,32,Kai Wagner,"Germany , Geislingen an der Steige",10,FALSE
Jackson Yueill,SJ,San Jose Earthquakes,636875,736875,Midfielder,Bloomington,USA,175,76,,29,28,1373750,28.5,Jackson Yueill,"USA , Bloomington",14,FALSE
Walker Zimmerman,NSH,Nashville,981050,2345214,Defender,Lawrenceville,USA,188,89,Right,25,22,3326264,23.5,Walker Zimmerman,"USA , Lawrenceville",16,FALSE
Lalas Abubakar,COL,Colorado Rapids,247125,272125,Defender,Khumasi,Ghana,185,82,,24,23,519250,23.5,Lalas Abubakar,"Ghana , Khumasi",14,FALSE
Ifunanyachi Achara,TOR,Toronto,66724,84000,Forward,Enugu,Nigeria,178,73,,14,10,150724,12,Ifunanyachi Achara,"Nigeria , Enugu",18,FALSE
Efrain Alvarez,LA,LA Galaxy,612167,706250,Midfielder,Los Angeles,USA,173,68,Left,26,16,1318417,21,Efrain Alvarez,"USA , Los Angeles",14,FALSE
Xavier Arreaga,SEA,Seattle Sounders,500850,700000,Defender,Guayaquil,Ecuador,184,75,Right,26,25,1200850,25.5,Xavier Arreaga,"Ecuador , Guayaquil",14,FALSE
Talles Magno,NYC,New York City,1198000,1198000,Forward,Rio de Janeiro,,185,70,,15,5,2396000,10,Talles Magno," , Rio de Janeiro",12,FALSE
Steven Birnbaum,DC,DC United,712500,762500,Defender,Newport,USA,186,80,Right,21,18,1475000,19.5,Steven Birnbaum,"USA , Newport",15,FALSE
Latif Blessing,LAFC,LAFC,376667,416667,Forward,Accra,Ghana,170,64,Both,30,25,793334,27.5,Latif Blessing,"Ghana , Accra",14,FALSE
Emmanuel Boateng,NE,New England Revolutio,200000,225000,Midfielder,,,168,68,Right,12,4,425000,8,Emmanuel Boateng," , ",16,TRUE
Zachary Brault-Guillard,MTL,Montreal,203625,319375,Defender,Port-au-Prince,Haiti,171,65,Right,30,23,523000,26.5,Zachary Brault-Guillard,"Haiti , Port-au-Prince",23,FALSE
Brandon Bye,NE,New England Revolutio,178875,343813,Defender,Portage,USA,183,79,,29,27,522688,28,Brandon Bye,"USA , Portage",11,FALSE
Julio Cascante,ATX,Austin,317500,337500,Defender,Puerto Limón,Costa Rica,186,75,Right,31,27,655000,29,Julio Cascante,"Costa Rica , Puerto Limón",14,FALSE
Maikel Chang,RSL,Real Salt Lake,85444,98261,Midfielder,Havana,Cuba,177,75,,28,12,183705,20,Maikel Chang,"Cuba , Havana",12,FALSE
Diego Chara,POR,Portland Timbers,668750,683333,Midfielder,Cali,Colombia,173,68,Right,28,27,1352083,27.5,Diego Chara,"Colombia , Cali",11,FALSE
Mathieu Choiniere,MTL,Montreal,114238,134238,Midfielder,Québec,Canada,176,68,,26,24,248476,25,Mathieu Choiniere,"Canada , Québec",17,FALSE
Antonio Carlos,ORL,Orlando City,865000,925000,Defender,Rio de Janeiro,Brazil,191,79,Right,29,28,1790000,28.5,Antonio Carlos,"Brazil , Rio de Janeiro",14,FALSE
Griffin Dorsey,HOU,Houston Dynamo,129000,144000,Midfielder,Evergreen,USA,182,72,Right,20,17,273000,18.5,Griffin Dorsey,"USA , Evergreen",14,FALSE
Hassani Dotson,MIN,Minnesota United,81375,457500,Midfielder,Federal Way,USA,180,77,,29,26,538875,27.5,Hassani Dotson,"USA , Federal Way",14,FALSE
Cameron Duke,SKC,Sporting Kansas City,84375,93000,Midfielder,Overland Park,USA,168,61,,16,6,177375,11,Cameron Duke,"USA , Overland Park",12,FALSE
Jack Elliott,PHI,Philadelphia Union,340000,793750,Defender,London,England,198,83,,33,33,1133750,33,Jack Elliott,"England , London",12,FALSE
George Fochive,POR,Portland Timbers,240000,84000,Midfielder,Washington,USA,176,79,,22,11,324000,16.5,George Fochive,"USA , Washington",14,FALSE
Braian Galvan,COL,Colorado Rapids,252375,414322,Midfielder,San Miguel de Tucumán,Argentina,166,64,,24,14,666697,19,Braian Galvan,"Argentina , San Miguel de Tucumán",13,FALSE
Gaston Gimenez,CHI,Chicago Fire,2358667,2360667,Midfielder,Formosa,Argentina,188,82,Left,25,22,4719334,23.5,Gaston Gimenez,"Argentina , Formosa",14,FALSE
Justen Glad,RSL,Real Salt Lake,660031,735031,Defender,Pasadena,USA,183,66,,31,31,1395062,31,Justen Glad,"USA , Pasadena",11,FALSE
Julian Gressel,DC,DC United,760781,969781,Defender,,,185,84,,34,31,1730562,32.5,Julian Gressel," , ",14,TRUE
Andrew Gutman,RBNY,New York Red Bulls,306250,331250,Defender,Hinsdale,USA,178,72,,22,19,637500,20.5,Andrew Gutman,"USA , Hinsdale",13,FALSE
Luke Haakenson,NSH,Nashville,66724,84000,Midfielder,Maple Grove,USA,178,79,,19,3,150724,11,Luke Haakenson,"USA , Maple Grove",14,FALSE
Ahmed Hamdi,MTL,Montreal,497500,572500,Midfielder,,Egypt,178,68,,23,9,1070000,16,Ahmed Hamdi,"Egypt , ",11,FALSE
Bjorn Johnsen,MTL,Montreal,1036667,1236667,Forward,New York,USA,195,81,Right,26,10,2273334,18,Bjorn Johnsen,"USA , New York",13,FALSE
Dejan Joveljic,LA,LA Galaxy,612500,612500,Forward,Bijeljina,Bosnia and Herzegovina,181,75,Right,14,6,1225000,10,Dejan Joveljic,"Bosnia and Herzegovina , Bijeljina",14,FALSE
Brent Kallman,MIN,Minnesota United,158125,168000,Defender,Omaha,USA,188,86,,20,13,326125,16.5,Brent Kallman,"USA , Omaha",13,FALSE
Christian Makoun,MIA,Inter Miami,175000,200000,Defender,,,185,75,,26,23,375000,24.5,Christian Makoun," , ",16,TRUE
Ronald Matarrita,CIN,Cincinnati,756875,806875,Defender,Alajuela,Costa Rica,175,70,Left,22,22,1563750,22,Ronald Matarrita,"Costa Rica , Alajuela",16,FALSE
Thomas Mcnamara,NE,New England Revolutio,225000,240000,Midfielder,West Nyack,USA,176,78,,32,21,465000,26.5,Thomas Mcnamara,"USA , West Nyack",15,FALSE
Jonathan Mensah,CLB,Columbus Crew,1140667,1140667,Defender,Accra,Ghana,188,83,Right,29,28,2281334,28.5,Jonathan Mensah,"Ghana , Accra",15,FALSE
Justin Meram,RSL,Real Salt Lake,500000,468750,Forward,Shelby Township,USA,185,75,,31,15,968750,23,Justin Meram,"USA , Shelby Township",12,FALSE
Jamiro Monteiro,PHI,Philadelphia Union,1476250,1293500,Midfielder,Rotterdam,Netherlands,172,63,Right,27,26,2769750,26.5,Jamiro Monteiro,"Netherlands , Rotterdam",15,FALSE
Lewis Morgan,MIA,Inter Miami,553125,653125,Midfielder,Paisley,Scotland,178,75,Left,34,34,1206250,34,Lewis Morgan,"Scotland , Paisley",12,FALSE
Darlington Nagbe,CLB,Columbus Crew,1710000,1760000,Midfielder,Monrovia,Liberia,176,75,Right,33,33,3470000,33,Darlington Nagbe,"Liberia , Monrovia",16,FALSE
Andres Perea,ORL,Orlando City,188500,248500,Midfielder,,,183,72,,27,16,437000,21.5,Andres Perea," , ",12,TRUE
Tomas Pochettino,ATX,Austin,642447,585000,Midfielder,,,178,75,,31,26,1227447,28.5,Tomas Pochettino," , ",16,TRUE
Matt Polster,NE,New England Revolutio,328438,353437,Midfielder,,,183,77,Right,30,27,681875,28.5,Matt Polster," , ",12,TRUE
Andres Reyes,RBNY,New York Red Bulls,444375,469375,Defender,Cauca,Colombia,191,81,Right,19,17,913750,18,Andres Reyes,"Colombia , Cauca",12,FALSE
Memo Rodriguez,HOU,Houston Dynamo,290935,310935,Midfielder,Wharton,USA,173,66,,31,18,601870,24.5,Memo Rodriguez,"USA , Wharton",14,FALSE
Keegan Rosenberry,COL,Colorado Rapids,298750,400000,Defender,Ronks,USA,173,73,Right,30,30,698750,30,Keegan Rosenberry,"USA , Ronks",17,FALSE
Boris Sekulic,CHI,Chicago Fire,643900,668900,Defender,Belgrade,Serbia,186,82,Right,28,27,1312800,27.5,Boris Sekulic,"Serbia , Belgrade",13,FALSE
Brek Shea,MIA,Inter Miami,135000,206100,Defender,College Station,USA,191,86,,30,17,341100,23.5,Brek Shea,"USA , College Station",9,FALSE
Quinn Sullivan,PHI,Philadelphia Union,67047,103500,Midfielder,,USA,180,69,Right,21,4,170547,12.5,Quinn Sullivan,"USA , ",14,FALSE
Ruan Teixeira,ORL,Orlando City,190000,360000,Defender,,Brazil,170,65,Right,24,21,550000,22.5,Ruan Teixeira,"Brazil , ",13,FALSE
Gustavo Vallecilla,CIN,Cincinnati,284880,344880,Defender,Esmeraldas,Ecuador,186,81,,25,25,629760,25,Gustavo Vallecilla,"Ecuador , Esmeraldas",18,FALSE
Victor Wanyama,MTL,Montreal,3091667,3091667,Midfielder,Nairobi,Kenya,188,80,Right,27,27,6183334,27,Victor Wanyama,"Kenya , Nairobi",14,FALSE
Danny Wilson,COL,Colorado Rapids,288750,354750,Defender,,Scotland,187,79,Left,29,29,643500,29,Danny Wilson,"Scotland , ",12,FALSE
Bobby Wood,RSL,Real Salt Lake,968161,1018161,Forward,Honolulu,USA,180,79,Right,17,7,1986322,12,Bobby Wood,"USA , Honolulu",10,FALSE
Kellyn Acosta,COL,Colorado Rapids,1115000,1215000,Midfielder,Plano,USA,175,68,Right,21,19,2330000,20,Kellyn Acosta,"USA , Plano",13,FALSE
Antonio Alfaro,DC,DC United,81375,89513,Defender,,,187,86,,25,21,170888,23,Antonio Alfaro," , ",14,TRUE
Osvaldo Alonso,MIN,Minnesota United,322000,84000,Midfielder,San Cristobal,Cuba,180,71,Right,24,15,406000,19.5,Osvaldo Alonso,"Cuba , San Cristobal",14,FALSE
Leonardo Chu,SEA,Seattle Sounders,540000,550000,Midfielder,,Brazil,178,69,Left,8,0,1090000,4,Leonardo Chu,"Brazil , ",12,FALSE
Frankie Amaya,RBNY,New York Red Bulls,187000,381406,Midfielder,Santa Ana,USA,163,63,,22,10,568406,16,Frankie Amaya,"USA , Santa Ana",13,FALSE
Malte Amundsen,NYC,New York City,278700,308700,Defender,,Denmark,178,81,Left,32,14,587400,23,Malte Amundsen,"Denmark , ",14,FALSE
Jalil Anibaba,NSH,Nashville,200000,150000,Defender,"Fontana, CA",USA,183,84,,9,7,350000,8,Jalil Anibaba,"USA , Fontana, CA",13,FALSE
Tah Brian Anunga,NSH,Nashville,81375,176000,Midfielder,Yaoundé,Cameroon,180,81,,25,17,257375,21,Tah Brian Anunga,"Cameroon , Yaoundé",16,FALSE
Isaac Atanga,CIN,Cincinnati,273000,364000,Forward,Nkoranza,Ghana,173,,,22,12,637000,17,Isaac Atanga,"Ghana , Nkoranza",12,FALSE
Zico Bailey,CIN,Cincinnati,66724,84000,Defender,"Henderson, NV",USA,170,63,,11,9,150724,10,Zico Bailey,"USA , Henderson, NV",11,FALSE
Tom Barlow,RBNY,New York Red Bulls,94526,188151,Forward,,USA,188,84,,23,2,282677,12.5,Tom Barlow,"USA , ",10,FALSE
Jon Bell,NE,New England Revolutio,63547,84000,Defender,,USA,180,75,,12,9,147547,10.5,Jon Bell,"USA , ",8,FALSE
Janio Bikel,VAN,Vancouver Whitecaps,388750,438750,Midfielder,,,174,70,,33,26,827500,29.5,Janio Bikel," , ",11,TRUE
Tyler Blackett,CIN,Cincinnati,398400,840000,Defender,Manchester,England,188,76,,11,8,1238400,9.5,Tyler Blackett,"England , Manchester",14,FALSE
Tristan Blackmon,LAFC,LAFC,203000,401208,Defender,Las Vegas,USA,189,88,,22,15,604208,18.5,Tristan Blackmon,"USA , Las Vegas",16,FALSE
Michael Bradley,TOR,Toronto,1500000,1500000,Midfielder,Princeton,USA,185,87,Right,32,30,3000000,31,Michael Bradley,"USA , Princeton",15,FALSE
Alexander Callens,NYC,New York City,764000,814000,Defender,Callao,Peru,185,82,Left,26,25,1578000,25.5,Alexander Callens,"Peru , Callao",17,FALSE
George Campbell,ATL,Atlanta United,80000,98000,Defender,Chester,USA,188,84,,15,6,178000,10.5,George Campbell,"USA , Chester",15,FALSE
Russell Canouse,DC,DC United,500000,515000,Midfielder,Lancaster,USA,177,72,Right,21,21,1015000,21,Russell Canouse,"USA , Lancaster",15,FALSE
Wikelman Carmona,RBNY,New York Red Bulls,66297,69474,Midfielder,Guarico,Venezuela,172,71,Left,25,15,135771,20,Wikelman Carmona,"Venezuela , Guarico",16,FALSE
Julian Carranza,MIA,Inter Miami,750000,900000,Forward,Oncativo,Argentina,182,75,,25,6,1650000,15.5,Julian Carranza,"Argentina , Oncativo",15,FALSE
Adalberto Carrasquilla,HOU,Houston Dynamo,469132,469132,Midfielder,,,170,64,,10,7,938264,8.5,Adalberto Carrasquilla," , ",22,TRUE
Robert Castellanos,NSH,Nashville,63547,84000,Defender,Palmdale,USA,188,82,,1,1,147547,1,Robert Castellanos,"USA , Palmdale",18,FALSE
Jackson Conway,ATL,Atlanta United,63547,84000,Forward,Leeds,England,190,79,,8,2,147547,5,Jackson Conway,"England , Leeds",14,FALSE
Allan Cruz,CIN,Cincinnati,1134000,1254000,Midfielder,Nicoya,Costa Rica,164,52,,22,18,2388000,20,Allan Cruz,"Costa Rica , Nicoya",10,FALSE
Abu Danladi,NSH,Nashville,237000,142125,Forward,Takoradi,Ghana,178,77,Right,8,0,379125,4,Abu Danladi,"Ghana , Takoradi",11,FALSE
Luis Diaz,CLB,Columbus Crew,383904,408900,Midfielder,Nicoya,Costa Rica,180,72,Right,19,11,792804,15,Luis Diaz,"Costa Rica , Nicoya",9,FALSE
Bakaye Dibassy,MIN,Minnesota United,718125,743125,Defender,Paris,France,183,74,Left,26,26,1461250,26,Bakaye Dibassy,"France , Paris",14,FALSE
Moussa Djitte,ATX,Austin,500000,550000,Forward,,Senegal,180,74,Right,13,9,1050000,11,Moussa Djitte,"Senegal , ",13,FALSE
Kyle Duncan,RBNY,New York Red Bulls,93581,293610,Defender,,,178,68,,32,27,387191,29.5,Kyle Duncan," , ",11,TRUE
Jeremy Ebobisse,SJ,San Jose Earthquakes,691250,766617,Forward,París,France,183,82,,11,9,1457867,10,Jeremy Ebobisse,"France , París",15,FALSE
Lucas Esteves,COL,Colorado Rapids,412467,426092,Defender,Sao Paulo,Brazil,170,69,,14,9,838559,11.5,Lucas Esteves,"Brazil , Sao Paulo",13,FALSE
Derrick Etienne,CLB,Columbus Crew,125000,175000,Midfielder,Richmond,USA,178,77,Right,29,21,300000,25,Derrick Etienne,"USA , Richmond",15,FALSE
Leon Flach,PHI,Philadelphia Union,223750,263750,Midfielder,Humble,USA,178,75,,34,31,487500,32.5,Leon Flach,"USA , Humble",10,FALSE
Chase Gasper,MIN,Minnesota United,81375,400000,Defender,Alexandria,USA,183,83,,30,30,481375,30,Chase Gasper,"USA , Alexandria",12,FALSE
Kieran Gibbs,MIA,Inter Miami,128167,378167,Defender,,,181,73,Left,12,10,506334,11,Kieran Gibbs," , ",12,TRUE
Erik Godoy,VAN,Vancouver Whitecaps,450000,550000,Defender,Buenos Aires,Argentina,185,79,Right,17,15,1000000,16,Erik Godoy,"Argentina , Buenos Aires",10,FALSE
Yeimar Gomez Andrade,SEA,Seattle Sounders,387000,719092,Defender,Tadó,Colombia,187,92,Right,33,29,1106092,31,Yeimar Gomez Andrade,"Colombia , Tadó",20,FALSE
Nick Hagglund,CIN,Cincinnati,184375,84000,Defender,Cincinnati,USA,183,72,,24,17,268375,20.5,Nick Hagglund,"USA , Cincinnati",13,FALSE
Niko Hansen,MIN,Minnesota United,129004,219400,Midfielder,Randers,Denmark,178,77,,12,5,348404,8.5,Niko Hansen,"Denmark , Randers",11,FALSE
Matt Hedges,DAL,Dallas,850000,900000,Defender,Carmel,USA,194,94,,20,16,1750000,18,Matt Hedges,"USA , Carmel",11,FALSE
Felipe Hernandez,SKC,Sporting Kansas City,81375,119153,Midfielder,Ibague,Colombia,173,66,,6,4,200528,5,Felipe Hernandez,"Colombia , Ibague",16,FALSE
Ronald Hernandez,ATL,Atlanta United,250000,300000,Defender,,Venezuela,171,70,Right,13,8,550000,10.5,Ronald Hernandez,"Venezuela , ",16,FALSE
Aaron Herrera,RSL,Real Salt Lake,343794,795220,Defender,,,180,71,,29,29,1139014,29,Aaron Herrera," , ",13,TRUE
Brendan Hines-Ike,DC,DC United,274429,417917,Defender,Denver,USA,185,77,Right,13,12,692346,12.5,Brendan Hines-Ike,"USA , Denver",17,FALSE
Erik Holt,RSL,Real Salt Lake,90000,125000,Defender,San Diego,USA,185,84,,18,14,215000,16,Erik Holt,"USA , San Diego",9,FALSE
Emerson Hyndman,ATL,Atlanta United,900000,657143,Midfielder,"Dallas, TX",USA,170,61,Right,7,7,1557143,7,Emerson Hyndman,"USA , Dallas, TX",15,FALSE
Hector Jimenez,ATX,Austin,250000,200000,Midfielder,Huntington Park,USA,176,64,,25,19,450000,22,Hector Jimenez,"USA , Huntington Park",14,FALSE
Alistair Johnston,NSH,Nashville,73079,445625,Midfielder,Vancouver,Canada,180,77,Right,26,24,518704,25,Alistair Johnston,"Canada , Vancouver",17,FALSE
Florian Jungwirth,VAN,Vancouver Whitecaps,567667,592667,Defender,Grafelfing,Germany,181,79,Right,14,12,1160334,13,Florian Jungwirth,"Germany , Grafelfing",17,FALSE
Wilfrid Kaptoum,NE,New England Revolutio,557500,582500,Midfielder,Douala,Cameroon,174,72,Right,21,11,1140000,16,Wilfrid Kaptoum,"Cameroon , Douala",15,FALSE
Mark-Anthony Kaye,COL,Colorado Rapids,247188,700000,Midfielder,Toronto,Canada,185,77,,15,14,947188,14.5,Mark-Anthony Kaye,"Canada , Toronto",17,FALSE
Henry Kessler,NE,New England Revolutio,115000,170000,Defender,New York City,USA,193,84,,28,25,285000,26.5,Henry Kessler,"USA , New York City",13,FALSE
Lassi Lappalainen,MTL,Montreal,383657,540000,Midfielder,,,183,76,Right,15,7,923657,11,Lassi Lappalainen," , ",17,TRUE
Kemar Lawrence,TOR,Toronto,340500,482500,Defender,Kingston,Jamaica,178,73,Left,25,20,823000,22.5,Kemar Lawrence,"Jamaica , Kingston",14,FALSE
Ake Loba,NSH,Nashville,1318475,1491475,Forward,Divo,Côte d'Ivoire,178,76,Right,19,2,2809950,10.5,Ake Loba,"Côte d'Ivoire , Divo",8,FALSE
Erik Lopez Samaniego,ATL,Atlanta United,508300,528300,Forward,,Paraguay,173,64,,18,10,1036600,14,Erik Lopez Samaniego,"Paraguay , ",20,FALSE
Jack Maher,NSH,Nashville,149000,164000,Defender,Caseyville,USA,191,79,,20,18,313000,19,Jack Maher,"USA , Caseyville",10,FALSE
Paul Marie,SJ,San Jose Earthquakes,87908,156375,Defender,,,170,69,,22,9,244283,15.5,Paul Marie," , ",10,TRUE
Felipe Martins,DC,DC United,150000,84000,Midfielder,Engenheiro Beltrao,Brazil,175,70,Right,27,9,234000,18,Felipe Martins,"Brazil , Engenheiro Beltrao",14,FALSE
Blaise Matuidi,MIA,Inter Miami,1500000,1500000,Midfielder,Toulouse,France,180,75,Left,32,27,3000000,29.5,Blaise Matuidi,"France , Toulouse",14,FALSE
Jonathan Menendez,RSL,Real Salt Lake,602813,602813,Forward,Buenos Aires,Argentina,166,62,,17,10,1205626,13.5,Jonathan Menendez,"Argentina , Buenos Aires",17,FALSE
Matko Miljevic,MTL,Montreal,593364,593364,Midfielder,,USA,176,76,,5,2,1186728,3.5,Matko Miljevic,"USA , ",14,FALSE
Kamal Miller,MTL,Montreal,85444,345000,Defender,Scarborough,Canada,183,75,,27,26,430444,26.5,Kamal Miller,"Canada , Scarborough",12,FALSE
Kevin Molino,CLB,Columbus Crew,667000,700348,Forward,,,173,70,Right,11,7,1367348,9,Kevin Molino," , ",12,TRUE
Junior Moreno,DC,DC United,193550,373750,Midfielder,San Cristóbal,Venezuela,175,70,Right,28,25,567300,26.5,Junior Moreno,"Venezuela , San Cristóbal",13,FALSE
Jake Mulraney,ATL,Atlanta United,312777,338777,Midfielder,,,172,64,,22,13,651554,17.5,Jake Mulraney," , ",13,TRUE
Andy Najar,DC,DC United,100000,375000,Defender,Choluteca,Honduras,170,68,Right,26,23,475000,24.5,Andy Najar,"Honduras , Choluteca",10,FALSE
Federico Navarro,CHI,Chicago Fire,257500,275004,Midfielder,Santa Fe,,172,70,,12,10,532504,11,Federico Navarro," , Santa Fe",16,FALSE
Sean Nealis,RBNY,New York Red Bulls,81375,196875,Defender,,,193,79,,28,28,278250,28,Sean Nealis," , ",11,TRUE
Jake Nerwinski,VAN,Vancouver Whitecaps,270000,280000,Defender,Lawrenceville,USA,183,79,Right,25,19,550000,22,Jake Nerwinski,"USA , Lawrenceville",14,FALSE
Shane O'Neill,SEA,Seattle Sounders,115000,358000,Defender,Midleton,Republic of Ireland,188,87,Right,27,19,473000,23,Shane O'Neill,"Republic of Ireland , Midleton",13,FALSE
Chinonso Offor,CHI,Chicago Fire,181400,209396,Forward,Jos,Nigeria,191,84,Right,34,11,390796,22.5,Chinonso Offor,"Nigeria , Jos",14,FALSE
Noble Okello,TOR,Toronto,111815,126815,Midfielder,Toronto,Canada,195,94,,14,10,238630,12,Noble Okello,"Canada , Toronto",12,FALSE
Mauricio Pereyra,ORL,Orlando City,1848000,1348000,Midfielder,Montevideo,Uruguay,170,63,Right,29,26,3196000,27.5,Mauricio Pereyra,"Uruguay , Montevideo",16,FALSE
Jordan Perruzza,TOR,Toronto,67847,86500,Forward,,,185,81,Left,5,0,154347,2.5,Jordan Perruzza," , ",15,TRUE
Samuel Piette,MTL,Montreal,454750,429750,Midfielder,Le Gardeur,Canada,171,73,Right,25,19,884500,22,Samuel Piette,"Canada , Le Gardeur",13,FALSE
Mauricio Pineda,CHI,Chicago Fire,198875,248875,Defender,Chicago,USA,185,78,,29,28,447750,28.5,Mauricio Pineda,"USA , Chicago",15,FALSE
Paxton Pomykal,DAL,Dallas,600000,700000,Midfielder,Lewisville,USA,173,74,,31,18,1300000,24.5,Paxton Pomykal,"USA , Lewisville",14,FALSE
Alejandro Pozuelo,TOR,Toronto,4693000,4693000,Midfielder,,,170,75,,19,14,9386000,16.5,Alejandro Pozuelo," , ",17,TRUE
Ralph Priso,TOR,Toronto,70476,89195,Midfielder,Toronto,Canada,175,80,,11,7,159671,9,Ralph Priso,"Canada , Toronto",11,FALSE
Luis Martins,SKC,Sporting Kansas City,340000,329000,Defender,Lamego,Portugal,177,67,Left,34,33,669000,33.5,Luis Martins,"Portugal , Lamego",12,FALSE
Miles Robinson,ATL,Atlanta United,687500,737500,Defender,,,188,84,,26,25,1425000,25.5,Miles Robinson," , ",14,TRUE
Alex Roldan,SEA,Seattle Sounders,93581,232500,Defender,Artesia,USA,177,70,,29,26,326081,27.5,Alex Roldan,"USA , Artesia",11,FALSE
Kelyn Rowe,SEA,Seattle Sounders,180000,275000,Midfielder,Federal Way,USA,173,69,,34,24,455000,29,Kelyn Rowe,"USA , Federal Way",10,FALSE
Ilie Sanchez,SKC,Sporting Kansas City,1000000,1150000,Midfielder,Barcelona,Spain,182,79,Right,30,27,2150000,28.5,Ilie Sanchez,"Spain , Barcelona",12,FALSE
Dante Sealy,DAL,Dallas,113400,164417,Forward,,,178,80,,6,0,277817,3,Dante Sealy," , ",11,TRUE
Luke Singh,TOR,Toronto,71513,91966,Defender,"Brampton, ON",Canada,185,77,,6,5,163479,5.5,Luke Singh,"Canada , Brampton, ON",10,FALSE
Kyle Smith,ORL,Orlando City,118660,141244,Defender,Cincinnati,USA,180,82,,27,21,259904,24,Kyle Smith,"USA , Cincinnati",10,FALSE
Jared Stroud,ATX,Austin,81375,84000,Midfielder,Chester Borough,USA,179,72,,22,13,165375,17.5,Jared Stroud,"USA , Chester Borough",12,FALSE
Nkosi Tafari,DAL,Dallas,66724,197950,Defender,Manhattan,USA,193,87,,22,21,264674,21.5,Nkosi Tafari,"USA , Manhattan",12,FALSE
Russell Teibert,VAN,Vancouver Whitecaps,387500,449375,Midfielder,Niagara Falls,Canada,173,69,,33,29,836875,31,Russell Teibert,"Canada , Niagara Falls",15,FALSE
Carlos Teran,CHI,Chicago Fire,205440,255440,Defender,,Colombia,188,85,,13,11,460880,12,Carlos Teran,"Colombia , ",12,FALSE
John Tolkin,RBNY,New York Red Bulls,86375,105000,Defender,,USA,170,61,,28,22,191375,25,John Tolkin,"USA , ",11,FALSE
Wil Trapp,MIN,Minnesota United,747500,784875,Midfielder,Columbus,USA,173,69,,31,31,1532375,31,Wil Trapp,"USA , Columbus",9,FALSE
Bill Tuiloma,POR,Portland Timbers,234125,304450,Midfielder,Auckland,New Zealand,178,79,Right,27,19,538575,23,Bill Tuiloma,"New Zealand , Auckland",12,FALSE
Ranko Veselinovic,VAN,Vancouver Whitecaps,445500,490500,Defender,Novi Sad,Serbia,188,77,,27,22,936000,24.5,Ranko Veselinovic,"Serbia , Novi Sad",17,FALSE
Remi Walter,SKC,Sporting Kansas City,650000,800000,Midfielder,Essey-les-Nancy,France,174,72,Left,28,23,1450000,25.5,Remi Walter,"France , Essey-les-Nancy",11,FALSE
Collen Warner,COL,Colorado Rapids,81375,84000,Midfielder,Denver,USA,178,81,,16,11,165375,13.5,Collen Warner,"USA , Denver",13,FALSE
Eryk Williamson,POR,Portland Timbers,236500,550000,Midfielder,,USA,175,77,Right,14,11,786500,12.5,Eryk Williamson,"USA , ",15,FALSE
Dru Yearwood,RBNY,New York Red Bulls,519750,568750,Midfielder,Harlow,England,173,68,,29,18,1088500,23.5,Dru Yearwood,"England , Harlow",12,FALSE
Ethan Zubak,LA,LA Galaxy,133125,130000,Forward,,USA,183,75,,18,6,263125,12,Ethan Zubak,"USA , ",11,FALSE
Nicolas Acevedo,NYC,New York City,151000,244800,Midfielder,Montevideo,Uruguay,173,73,Right,24,15,395800,19.5,Nicolas Acevedo,"Uruguay , Montevideo",15,FALSE
Bryan Acosta,DAL,Dallas,700000,706667,Midfielder,La Ceiba,Honduras,175,80,Right,23,16,1406667,19.5,Bryan Acosta,"Honduras , La Ceiba",12,FALSE
George Acosta,MIA,Inter Miami,81375,65500,Midfielder,Miami,USA,175,66,Right,0,0,146875,0,George Acosta,"USA , Miami",13,FALSE
Daniel Aguirre,LA,LA Galaxy,63547,66724,Midfielder,,,170,75,,5,0,130271,2.5,Daniel Aguirre," , ",14,TRUE
Alexander Alvarado,ORL,Orlando City,238240,318240,Midfielder,,,165,67,,10,2,556480,6,Alexander Alvarado," , ",18,TRUE
Mikey Ambrose,ATL,Atlanta United,81375,85444,Defender,"El Paso, TX",USA,173,72,Left,4,1,166819,2.5,Mikey Ambrose,"USA , El Paso, TX",13,FALSE
Sebastian Anderson,COL,Colorado Rapids,91667,106667,Defender,,USA,173,70,Right,1,0,198334,0.5,Sebastian Anderson,"USA , ",18,FALSE
Julian Araujo,LA,LA Galaxy,653750,678750,Defender,Lompoc,USA,178,70,,32,32,1332500,32,Julian Araujo,"USA , Lompoc",13,FALSE
Heber Araujo Dos Santos,NYC,New York City,788750,914000,Forward,Colorado do Oeste,Brazil,180,77,Right,7,0,1702750,3.5,Heber Araujo Dos Santos,"Brazil , Colorado do Oeste",23,FALSE
George Asomani,SJ,San Jose Earthquakes,63547,66724,Midfielder,Accra,Ghana,168,61,,0,0,130271,0,George Asomani,"Ghana , Accra",14,FALSE
Jean-Aniel Assi,MTL,Montreal,71310,74104,Midfielder,Adzope,Ivory Coast,185,77,,0,0,145414,0,Jean-Aniel Assi,"Ivory Coast , Adzope",15,FALSE
Joshua Atencio,SEA,Seattle Sounders,68161,88557,Midfielder,Bellevue,USA,185,79,,24,18,156718,21,Joshua Atencio,"USA , Bellevue",14,FALSE
Corey Baird,HOU,Houston Dynamo,396031,471031,Midfielder,Escondido,USA,178,73,,7,4,867062,5.5,Corey Baird,"USA , Escondido",11,FALSE
Mateo Bajamich,HOU,Houston Dynamo,324069,346069,Forward,Morrison,Argentina,178,75,Right,9,1,670138,5,Mateo Bajamich,"Argentina , Morrison",14,FALSE
Reed Baker-Whiting,SEA,Seattle Sounders,83547,85500,Midfielder,Seattle,USA,180,70,,4,2,169047,3,Reed Baker-Whiting,"USA , Seattle",18,FALSE
Michael Baldisimo,VAN,Vancouver Whitecaps,91275,109292,Midfielder,Burnaby,Canada,168,75,Right,21,12,200567,16.5,Michael Baldisimo,"Canada , Burnaby",17,FALSE
Luis Barraza,NYC,New York City,81375,132688,Goalkeeper,Las Cruces,USA,188,88,,5,5,214063,5,Luis Barraza,"USA , Las Cruces",12,FALSE
Ethan Bartlow,HOU,Houston Dynamo,88875,91500,Defender,Woodinville,,183,77,,0,0,180375,0,Ethan Bartlow," , Woodinville",13,FALSE
Zorhan Bassong,MTL,Montreal,93875,137500,Defender,"Toronto, ON",USA,179,,Left,26,13,231375,19.5,Zorhan Bassong,"USA , Toronto, ON",14,FALSE
Josh Bauer,ATL,Atlanta United,63547,66724,Defender,,USA,188,79,,0,0,130271,0,Josh Bauer,"USA , ",10,FALSE
Tanner Beason,SJ,San Jose Earthquakes,110000,200000,Defender,Winston-Salem,USA,185,80,,24,22,310000,23,Tanner Beason,"USA , Winston-Salem",13,FALSE
Steven Beitashour,COL,Colorado Rapids,165000,172500,Defender,San Jose,USA,178,78,Right,11,6,337500,8.5,Steven Beitashour,"USA , San Jose",17,FALSE
Joe Bendik,PHI,Philadelphia Union,200000,250000,Goalkeeper,Marietta,USA,191,94,,3,2,450000,2.5,Joe Bendik,"USA , Marietta",10,FALSE
Sebastian Berhalter,ATX,Austin,122250,137250,Midfielder,London,England,175,70,,18,5,259500,11.5,Sebastian Berhalter,"England , London",19,FALSE
Matt Bersano,SJ,San Jose Earthquakes,106375,106375,Goalkeeper,Chandler,USA,185,83,,0,0,212750,0,Matt Bersano,"USA , Chandler",12,FALSE
Nick Besler,RSL,Real Salt Lake,167500,210000,Midfielder,"Overland Park, KS",USA,185,75,,27,18,377500,22.5,Nick Besler,"USA , Overland Park, KS",11,FALSE
Andre Blake,PHI,Philadelphia Union,650000,869375,Goalkeeper,May Pen,Jamaica,188,78,Right,26,26,1519375,26,Andre Blake,"Jamaica , May Pen",11,FALSE
Blake Bodily,POR,Portland Timbers,67360,84000,Midfielder,Eagle,USA,175,68,,9,2,151360,5.5,Blake Bodily,"USA , Eagle",12,FALSE
Isaac Boehmer,VAN,Vancouver Whitecaps,66724,65500,Goalkeeper,Penticton,Canada,188,84,,0,0,132224,0,Isaac Boehmer,"Canada , Penticton",13,FALSE
Jonathan Bond,LA,LA Galaxy,501875,526875,Goalkeeper,,,196,85,,31,31,1028750,31,Jonathan Bond," , ",13,TRUE
Pablo Bonilla,POR,Portland Timbers,85444,144667,Defender,,Venezuela,173,70,Right,18,16,230111,17,Pablo Bonilla,"Venezuela , ",13,FALSE
Alex Bono,TOR,Toronto,482000,557000,Goalkeeper,,,190,95,,24,24,1039000,24,Alex Bono," , ",9,TRUE
Jonathan Bornstein,CHI,Chicago Fire,323200,330000,Defender,,,175,66,,30,25,653200,27.5,Jonathan Bornstein," , ",18,TRUE
Michael Boxall,MIN,Minnesota United,422400,655307,Defender,Auckland,New Zealand,188,91,Right,25,25,1077707,25,Michael Boxall,"New Zealand , Auckland",14,FALSE
Chris Brady,CHI,Chicago Fire,68624,183246,Goalkeeper,Naperville,USA,191,77,,0,0,251870,0,Chris Brady,"USA , Naperville",11,FALSE
Joao Moutinho,ORL,Orlando City,223000,263000,Defender,,,183,71,,20,14,486000,17,Joao Moutinho," , ",13,TRUE
Claudio Bravo,POR,Portland Timbers,323310,323310,Defender,Quilmes,Argentina,170,68,Left,23,23,646620,23,Claudio Bravo,"Argentina , Quilmes",13,FALSE
Sebastian Breza,MTL,Montreal,63547,84000,Goalkeeper,Ottawa,Canada,193,87,Right,8,8,147547,8,Sebastian Breza,"Canada , Ottawa",15,FALSE
Andrew Brody,RSL,Real Salt Lake,85208,215678,Defender,Orlando,USA,178,66,,16,12,300886,14,Andrew Brody,"USA , Orlando",12,FALSE
Javain Brown,VAN,Vancouver Whitecaps,63547,97481,Defender,Kingston,Jamaica,180,79,Right,25,19,161028,22,Javain Brown,"Jamaica , Kingston",12,FALSE
Jesus Bueno,PHI,Philadelphia Union,96753,155378,Midfielder,Barquisimeto,Venezuela,179,74,,6,0,252131,3,Jesus Bueno,"Venezuela , Barquisimeto",11,FALSE
Evan Bush,CLB,Columbus Crew,438667,84000,Goalkeeper,Concord,USA,186,85,,4,4,522667,4,Evan Bush,"USA , Concord",9,FALSE
Handwalla Bwana,NSH,Nashville,85444,140000,Midfielder,Mombasa,Kenya,175,66,,4,1,225444,2.5,Handwalla Bwana,"Kenya , Mombasa",15,FALSE
Scott Caldwell,NE,New England Revolutio,215896,205000,Midfielder,Braintree,USA,173,69,Right,13,2,420896,7.5,Scott Caldwell,"USA , Braintree",14,FALSE
Drake Callender,MIA,Inter Miami,120000,130000,Goalkeeper,,USA,188,88,,0,0,250000,0,Drake Callender,"USA , ",15,FALSE
Geoff Cameron,CIN,Cincinnati,389667,469000,Defender,"Attleboro, MA",USA,191,84,Right,28,26,858667,27,Geoff Cameron,"USA , Attleboro, MA",13,FALSE
Matteo Campagna,VAN,Vancouver Whitecaps,72559,74512,Defender,Vancouver,Canada,188,73,,0,0,147071,0,Matteo Campagna,"Canada , Vancouver",15,FALSE
Javier Casas,CHI,Chicago Fire,68624,85900,Midfielder,Addison,USA,162,65,Right,2,0,154524,1,Javier Casas,"USA , Addison",12,FALSE
Dylan Castanheira,MIA,Inter Miami,81375,85444,Goalkeeper,"Landing, NJ",USA,188,91,,0,0,166819,0,Dylan Castanheira,"USA , Landing, NJ",17,FALSE
Juan Castilla,HOU,Houston Dynamo,77897,70022,Midfielder,,Colombia,177,69,,2,0,147919,1,Juan Castilla,"Colombia , ",13,FALSE
Darwin Ceren,HOU,Houston Dynamo,245500,240000,Midfielder,,El Salvador,178,73,,25,13,485500,19,Darwin Ceren,"El Salvador , ",12,FALSE
Edwin Cerrillo,DAL,Dallas,110000,145000,Midfielder,Waco,USA,175,79,,22,16,255000,19,Edwin Cerrillo,"USA , Waco",14,FALSE
Maxime Chanot,NYC,New York City,785000,700000,Defender,Nancy,France,185,78,Right,30,29,1485000,29.5,Maxime Chanot,"France , Nancy",13,FALSE
Justin Che,DAL,Dallas,89209,109209,Defender,"Richardson, TX",USA,185,79,,15,12,198418,13.5,Justin Che,"USA , Richardson, TX",10,FALSE
Machop Chol,ATL,Atlanta United,63547,65500,Forward,Khartoum,Sudan,188,79,Right,9,4,129047,6.5,Machop Chol,"Sudan , Khartoum",11,FALSE
Osvaldo Cisneros,SKC,Sporting Kansas City,66547,68500,Midfielder,Omaha,USA,165,59,,0,0,135047,0,Osvaldo Cisneros,"USA , Omaha",16,FALSE
Abdoulaye Cissoko,SEA,Seattle Sounders,63547,66724,Defender,,,188,88,,14,12,130271,13,Abdoulaye Cissoko," , ",17,TRUE
Steve Clark,POR,Portland Timbers,250000,620031,Goalkeeper,Mason,USA,188,86,Right,24,24,870031,24,Steve Clark,"USA , Mason",11,FALSE
Stefan Cleveland,SEA,Seattle Sounders,96375,167500,Goalkeeper,Dayton,USA,188,84,,15,15,263875,15,Stefan Cleveland,"USA , Dayton",16,FALSE
Derek Cornelius,VAN,Vancouver Whitecaps,127050,127050,Defender,Ajax,Canada,187,86,Both,5,1,254100,3,Derek Cornelius,"Canada , Ajax",15,FALSE
Joe Corona,HOU,Houston Dynamo,290000,315000,Midfielder,"Los Angeles, CA",USA,172,73,Right,30,19,605000,24.5,Joe Corona,"USA , Los Angeles, CA",10,FALSE
Carlos Miguel Coronel,RBNY,New York Red Bulls,512656,529660,Goalkeeper,Corumbá,Brazil,192,88,Right,34,34,1042316,34,Carlos Miguel Coronel,"Brazil , Corumbá",21,FALSE
Sega Coulibaly,LA,LA Galaxy,337000,457000,Defender,,Mali,182,89,Right,19,17,794000,18,Sega Coulibaly,"Mali , ",14,FALSE
Brandan Craig,PHI,Philadelphia Union,77825,97825,Midfielder,,USA,185,72,Right,0,0,175650,0,Brandan Craig,"USA , ",13,FALSE
Maxime Crepeau,VAN,Vancouver Whitecaps,277500,302500,Goalkeeper,Greenfield Park,Canada,181,88,,27,27,580000,27,Maxime Crepeau,"Canada , Greenfield Park",14,FALSE
Cody Cropper,CIN,Cincinnati,84427,84000,Goalkeeper,"Atlanta, GA",USA,191,91,Right,1,1,168427,1,Cody Cropper,"USA , Atlanta, GA",12,FALSE
Auro,TOR,Toronto,388750,428750,Defender,Jaú,Brazil,168,62,Right,25,23,817500,24,Auro,"Brazil , Jaú",4,FALSE
Sean Davis,RBNY,New York Red Bulls,402500,637500,Midfielder,,,183,75,,34,34,1040000,34,Sean Davis," , ",10,TRUE
Jacob Davis,SKC,Sporting Kansas City,63547,65500,Midfielder,Rochester,USA,178,70,Right,0,0,129047,0,Jacob Davis,"USA , Rochester",11,FALSE
Alex De John,ATL,Atlanta United,81375,85444,Defender,"Marlboro Township, NJ",USA,183,80,,4,1,166819,2.5,Alex De John,"USA , Marlboro Township, NJ",12,FALSE
Artur Lima,CLB,Columbus Crew,531633,615633,Midfielder,,,181,68,Right,6,5,1147266,5.5,Artur Lima," , ",10,TRUE
Gregore De Magalhaes Silva,MIA,Inter Miami,651000,801000,Midfielder,,,181,78,,29,29,1452000,29,Gregore De Magalhaes Silva," , ",26,TRUE
Aj Delagarza,NE,New England Revolutio,250000,250000,Defender,Bryans Road,USA,175,68,Right,10,5,500000,7.5,Aj Delagarza,"USA , Bryans Road",12,FALSE
Nick Depuy,LA,LA Galaxy,81375,231000,Defender,Irvine,USA,196,93,,25,18,312375,21.5,Nick Depuy,"USA , Irvine",10,FALSE
Jeffrey Dewsnup,RSL,Real Salt Lake,73372,93825,Goalkeeper,,,185,72,,0,0,167197,0,Jeffrey Dewsnup," , ",15,TRUE
Joseph Dezart,ORL,Orlando City,66724,89716,Midfielder,,,185,88,,17,7,156440,12,Joseph Dezart," , ",13,TRUE
Eric Dick,CLB,Columbus Crew,85444,84000,Goalkeeper,,USA,196,93,,0,0,169444,0,Eric Dick,"USA , ",9,FALSE
Ethan Dobbelaere,SEA,Seattle Sounders,81360,103716,Midfielder,Seattle,USA,175,65,,7,2,185076,4.5,Ethan Dobbelaere,"USA , Seattle",16,FALSE
Irakoze Donasiyano,NSH,Nashville,63547,66724,Midfielder,,Tanzania,175,70,,1,0,130271,0.5,Irakoze Donasiyano,"Tanzania , ",18,FALSE
Erik Duenas,LAFC,LAFC,92444,102000,Midfielder,Los Angeles,USA,163,59,,0,0,194444,0,Erik Duenas,"USA , Los Angeles",11,FALSE
Bryce Duke,LAFC,LAFC,90000,122000,Midfielder,Casa Grande,USA,170,66,,15,3,212000,9,Bryce Duke,"USA , Casa Grande",10,FALSE
Cameron Dunbar,LA,LA Galaxy,116750,136750,Forward,San Diego,USA,163,72,Both,14,2,253500,8,Cameron Dunbar,"USA , San Diego",14,FALSE
Dom Dwyer,TOR,Toronto,81375,84000,Forward,Cuckfield,England,174,82,Left,14,6,165375,10,Dom Dwyer,"England , Cuckfield",9,FALSE
Michael Edwards,COL,Colorado Rapids,81375,84000,Defender,,,192,80,,0,0,165375,0,Michael Edwards," , ",15,TRUE
Raheem Edwards,LAFC,LAFC,96375,307500,Forward,Toronto,Canada,173,68,,27,15,403875,21,Raheem Edwards,"Canada , Toronto",14,FALSE
Earl Edwards,NE,New England Revolutio,81375,84000,Goalkeeper,,,190,93,Right,0,0,165375,0,Earl Edwards," , ",12,TRUE
David Egbo,VAN,Vancouver Whitecaps,63547,66724,Forward,Kaduna,Nigeria,185,84,,0,0,130271,0,David Egbo,"Nigeria , Kaduna",10,FALSE
Kalil Elmedkhar,DAL,Dallas,63547,66724,Midfielder,"Middletown, DE",USA,183,78,,6,0,130271,3,Kalil Elmedkhar,"USA , Middletown, DE",15,FALSE
Fred Emmings,MIN,Minnesota United,72724,90000,Goalkeeper,Saint Paul,USA,195,95,,0,0,162724,0,Fred Emmings,"USA , Saint Paul",12,FALSE
Franco Escobar,ATL,Atlanta United,450000,550008,Defender,Rosario,Argentina,171,72,Right,0,0,1000008,0,Franco Escobar,"Argentina , Rosario",14,FALSE
Roger Espinoza,SKC,Sporting Kansas City,500000,300000,Midfielder,Puerto Cortes,Honduras,180,84,Left,32,24,800000,28,Roger Espinoza,"Honduras , Puerto Cortes",14,FALSE
Jhon Espinoza,CHI,Chicago Fire,188500,242500,Defender,,,178,74,,20,8,431000,14,Jhon Espinoza," , ",13,TRUE
Bento Estrela,RBNY,New York Red Bulls,87547,90724,Midfielder,Bloomfield,USA,185,71,,0,0,178271,0,Bento Estrela,"USA , Bloomfield",13,FALSE
Marco Farfan,LAFC,LAFC,190000,225000,Defender,Portland,USA,178,72,Left,29,21,415000,25,Marco Farfan,"USA , Portland",12,FALSE
Zackery Farnsworth,RSL,Real Salt Lake,96125,98750,Defender,Cedar Hills,USA,185,75,,0,0,194875,0,Zackery Farnsworth,"USA , Cedar Hills",18,FALSE
Andrew Farrell,NE,New England Revolutio,418750,443750,Defender,Louisville,USA,181,84,Right,33,33,862500,33,Andrew Farrell,"USA , Louisville",14,FALSE
Keesean Ferdinand,MTL,Montreal,73592,99936,Defender,Rivière-des-Prairies,Canada,183,72,,0,0,173528,0,Keesean Ferdinand,"Canada , Rivière-des-Prairies",17,FALSE
Marcus Ferkranus,LA,LA Galaxy,103625,113625,Defender,"Santa Clarita, CA",USA,185,84,,0,0,217250,0,Marcus Ferkranus,"USA , Santa Clarita, CA",16,FALSE
Oniel Fisher,LA,LA Galaxy,147625,133000,Defender,Portmore,Jamaica,175,70,,12,5,280625,8.5,Oniel Fisher,"Jamaica , Portmore",12,FALSE
Andreu Fontas,SKC,Sporting Kansas City,1125000,1125000,Defender,Bañolas,Spain,188,91,Left,33,33,2250000,33,Andreu Fontas,"Spain , Bañolas",13,FALSE
Kortne Ford,COL,Colorado Rapids,140000,151667,Defender,Olathe,USA,188,84,,0,0,291667,0,Kortne Ford,"USA , Olathe",11,FALSE
Alan Franco,ATL,Atlanta United,505500,667500,Defender,Avellana,Argentina,180,77,Right,25,23,1173000,24,Alan Franco,"Argentina , Avellana",11,FALSE
Ian Fray,MIA,Inter Miami,63547,84000,Defender,,,183,73,,0,0,147547,0,Ian Fray," , ",8,TRUE
Tyler Freeman,SKC,Sporting Kansas City,97500,112500,Forward,,,180,68,,0,0,210000,0,Tyler Freeman," , ",13,TRUE
Matt Freese,PHI,Philadelphia Union,115500,137000,Goalkeeper,Wayne,USA,190,88,,6,6,252500,6,Matt Freese,"USA , Wayne",11,FALSE
Stefan Frei,SEA,Seattle Sounders,500000,500000,Goalkeeper,Altstätten,Switzerland,191,89,,17,17,1000000,17,Stefan Frei,"Switzerland , Altstätten",11,FALSE
Gilbert Fuentes,SJ,San Jose Earthquakes,178750,208750,Midfielder,"Tracy, CA",USA,169,65,,0,0,387500,0,Gilbert Fuentes,"USA , Tracy, CA",15,FALSE
Julian Gaines,LAFC,LAFC,83375,87444,Defender,Austin,USA,178,73,,0,0,170819,0,Julian Gaines,"USA , Austin",13,FALSE
Pedro Gallese,ORL,Orlando City,410000,515000,Goalkeeper,Lima,Peru,189,79,Right,22,22,925000,22,Pedro Gallese,"Peru , Lima",13,FALSE
Chris Garcia,RSL,Real Salt Lake,89744,94300,Forward,"El Paso, TX",USA,170,64,,0,0,184044,0,Chris Garcia,"USA , El Paso, TX",12,FALSE
Francisco Ginella,LAFC,LAFC,547250,572250,Midfielder,Montevideo,Uruguay,182,73,,17,9,1119500,13,Francisco Ginella,"Uruguay , Montevideo",17,FALSE
Tomas Giraldo,MTL,Montreal,75481,121000,Midfielder,,Colombia,183,74,,0,0,196481,0,Tomas Giraldo,"Colombia , ",13,FALSE
Christopher Gloster,NYC,New York City,207000,238000,Defender,Montclair,USA,183,79,Left,4,1,445000,2.5,Christopher Gloster,"USA , Montclair",19,FALSE
Marcus Godinho,VAN,Vancouver Whitecaps,84375,88444,Defender,"Toronto, ON",Canada,178,72,Right,4,1,172819,2.5,Marcus Godinho,"Canada , Toronto, ON",14,FALSE
Anibal Godoy,NSH,Nashville,771667,871250,Midfielder,Panama City,Panama,180,75,Left,26,22,1642917,24,Anibal Godoy,"Panama , Panama City",12,FALSE
Leandro Gonzalez Pirez,MIA,Inter Miami,1010246,1052750,Defender,Buenos Aires,Argentina,186,90,Right,30,30,2062996,30,Leandro Gonzalez Pirez,"Argentina , Buenos Aires",22,FALSE
Tayvon Gray,NYC,New York City,114788,144788,Defender,,USA,180,74,,10,3,259576,6.5,Tayvon Gray,"USA , ",11,FALSE
Jacob Greene,DC,DC United,66547,88444,Defender,Crofton,USA,178,64,,0,0,154991,0,Jacob Greene,"USA , Crofton",12,FALSE
Jan Gregus,MIN,Minnesota United,883500,655000,Midfielder,Nitra,Slovakia,189,82,Left,15,9,1538500,12,Jan Gregus,"Slovakia , Nitra",10,FALSE
Adam Grinwis,ORL,Orlando City,81375,85444,Goalkeeper,"Ada Township, MI",USA,188,82,,2,2,166819,2,Adam Grinwis,"USA , Ada Township, MI",12,FALSE
Sami Guediri,MIA,Inter Miami,63547,84000,Defender,,,180,75,,10,2,147547,6,Sami Guediri," , ",12,TRUE
Brian Gutierrez,CHI,Chicago Fire,68624,105900,Midfielder,Chicago,USA,178,64,Right,17,6,174524,11.5,Brian Gutierrez,"USA , Chicago",15,FALSE
Cristian Gutierrez,VAN,Vancouver Whitecaps,167500,267500,Defender,Quebec,Canada,180,68,Left,19,17,435000,18,Cristian Gutierrez,"Canada , Quebec",18,FALSE
Brad Guzan,ATL,Atlanta United,805000,458216,Goalkeeper,Evergreen Park,USA,193,94,Left,29,29,1263216,29,Brad Guzan,"USA , Evergreen Park",10,FALSE
Justin Haak,NYC,New York City,81375,85444,Midfielder,Brooklyn,USA,183,75,,0,0,166819,0,Justin Haak,"USA , Brooklyn",11,FALSE
Kamron Habibullah,VAN,Vancouver Whitecaps,74429,94882,Forward,Tashkent,Uzbekistan,168,69,,3,0,169311,1.5,Kamron Habibullah,"Uzbekistan , Tashkent",17,FALSE
Teenage Hadebe,HOU,Houston Dynamo,1125177,1179177,Defender,Bulawayo,Zimbabwe,180,74,Left,17,17,2304354,17,Teenage Hadebe,"Zimbabwe , Bulawayo",14,FALSE
Marlon Hairston,CLB,Columbus Crew,81375,175000,Midfielder,"Jackson, MS",USA,183,71,,21,16,256375,18.5,Marlon Hairston,"USA , Jackson, MS",15,FALSE
Siad Haji,SJ,San Jose Earthquakes,104000,129000,Midfielder,Kakuma,Kenya,170,70,,4,0,233000,2,Siad Haji,"Kenya , Kakuma",9,FALSE
Michael Halliday,ORL,Orlando City,95089,99447,Defender,,,185,71,,6,4,194536,5,Michael Halliday," , ",16,TRUE
Bret Halsey,RSL,Real Salt Lake,88875,91500,Defender,"Sterling, VA",USA,175,68,,0,0,180375,0,Bret Halsey,"USA , Sterling, VA",11,FALSE
Bill Hamid,DC,DC United,500000,700000,Goalkeeper,,,191,102,,21,21,1200000,21,Bill Hamid," , ",10,TRUE
Cameron Harper,RBNY,New York Red Bulls,251250,276250,Forward,,,175,71,Right,7,0,527500,3.5,Cameron Harper," , ",14,TRUE
Calvin Harris,CIN,Cincinnati,96375,100444,Forward,,,183,73,,16,4,196819,10,Calvin Harris," , ",13,TRUE
Carlos Miguel Harvey,LA,LA Galaxy,81375,84000,Midfielder,,Panama,185,82,,4,1,165375,2.5,Carlos Miguel Harvey,"Panama , ",20,FALSE
Thomas Hasal,VAN,Vancouver Whitecaps,81375,173934,Goalkeeper,Cambridge,Canada,193,86,,7,7,255309,7,Thomas Hasal,"Canada , Cambridge",12,FALSE
Jacori Hayes,MIN,Minnesota United,169833,199833,Midfielder,"Andrews Air Force Base, MD",USA,173,68,,15,7,369666,11,Jacori Hayes,"USA , Andrews Air Force Base, MD",12,FALSE
Fabian Herbers,CHI,Chicago Fire,251250,281250,Forward,Ahaus,Germany,183,75,,27,22,532500,24.5,Fabian Herbers,"Germany , Ahaus",14,FALSE
Dominick Hernandez,DAL,Dallas,73237,76438,Midfielder,"Dallas, TX",USA,178,78,,0,0,149675,0,Dominick Hernandez,"USA , Dallas, TX",18,FALSE
Danny Hoesen,ATX,Austin,716667,716667,Forward,Heerlen,Netherlands,185,75,,5,5,1433334,5,Danny Hoesen,"Netherlands , Heerlen",12,FALSE
Ian Hoffmann,HOU,Houston Dynamo,63547,85444,Midfielder,"Wilton, CT",USA,170,61,,6,2,148991,4,Ian Hoffmann,"USA , Wilton, CT",12,FALSE
Matt Hundley,COL,Colorado Rapids,104000,119000,Forward,"Littleton, CO",USA,178,74,,0,0,223000,0,Matt Hundley,"USA , Littleton, CO",12,FALSE
Erik Hurtado,CLB,Columbus Crew,245682,84000,Forward,"Fredricksburg, VA",USA,178,79,,0,0,329682,0,Erik Hurtado,"USA , Fredricksburg, VA",12,FALSE
Franco Ibarra,ATL,Atlanta United,370000,520000,Midfielder,,Argentina,175,69,,16,9,890000,12.5,Franco Ibarra,"Argentina , ",13,FALSE
Sebastien Ibeagha,LAFC,LAFC,177125,252125,Defender,Warri,Nigeria,188,85,,13,8,429250,10.5,Sebastien Ibeagha,"Nigeria , Warri",17,FALSE
Clint Irwin,COL,Colorado Rapids,203300,213300,Goalkeeper,Charlotte,,191,88,,1,1,416600,1,Clint Irwin," , Charlotte",11,FALSE
Nicolas Isimat-Mirin,SKC,Sporting Kansas City,1028124,1028124,Defender,Meudon,France,187,82,Right,13,11,2056248,12,Nicolas Isimat-Mirin,"France , Meudon",20,FALSE
Aljaz Ivacic,POR,Portland Timbers,235000,248333,Goalkeeper,Ljubljana,Slovenia,188,82,Right,5,4,483333,4.5,Aljaz Ivacic,"Slovenia , Ljubljana",12,FALSE
Stanislav Ivanov,CHI,Chicago Fire,334000,359000,Forward,,,177,70,,11,6,693000,8.5,Stanislav Ivanov," , ",16,TRUE
Aziel Jackson,MIN,Minnesota United,67444,70633,Midfielder,New York,USA,175,70,,0,0,138077,0,Aziel Jackson,"USA , New York",13,FALSE
Andres Jasson,NYC,New York City,80691,117144,Midfielder,,,175,70,,20,6,197835,13,Andres Jasson," , ",13,TRUE
Cal Jennings,LAFC,LAFC,81375,84000,Forward,Atlanta,USA,180,77,,6,2,165375,4,Cal Jennings,"USA , Atlanta",12,FALSE
Sean Johnson,NYC,New York City,510000,550000,Goalkeeper,Lilburn,USA,191,98,Right,29,29,1060000,29,Sean Johnson,"USA , Lilburn",12,FALSE
Sam Junqua,HOU,Houston Dynamo,81375,89513,Defender,Saratoga,,183,77,,22,18,170888,20,Sam Junqua," , Saratoga",10,FALSE
Alec Kann,ATL,Atlanta United,115000,220833,Goalkeeper,Decatur,,194,87,,5,5,335833,5,Alec Kann," , Decatur",9,FALSE
Johan Kappelhof,CHI,Chicago Fire,490333,287000,Defender,Amsterdam,Netherlands,180,70,,19,16,777333,17.5,Johan Kappelhof,"Netherlands , Amsterdam",15,FALSE
Aboubacar Keita,CLB,Columbus Crew,110000,135000,Defender,New York,USA,188,81,,16,10,245000,13,Aboubacar Keita,"USA , New York",15,FALSE
Jon Kempin,DC,DC United,85444,84000,Goalkeeper,,,186,79,,10,9,169444,9.5,Jon Kempin," , ",10,TRUE
Nabilai Kibunguchy,MIN,Minnesota United,63547,66724,Defender,"Elk Grove, CA",USA,191,85,,0,0,130271,0,Nabilai Kibunguchy,"USA , Elk Grove, CA",18,FALSE
Perry Kitchen,CLB,Columbus Crew,301667,326667,Midfielder,"Indianapolis, IN",USA,183,72,,5,3,628334,4,Perry Kitchen,"USA , Indianapolis, IN",13,FALSE
Edward Kizza,NE,New England Revolutio,63547,66724,Forward,Kampala,Uganda,175,77,,11,3,130271,7,Edward Kizza,"Uganda , Kampala",12,FALSE
Freddy Kleemann,ATX,Austin,63547,66724,Defender,"Newbury Park, CA",USA,193,91,,3,0,130271,1.5,Freddy Kleemann,"USA , Newbury Park, CA",15,FALSE
Jonathan Klinsmann,LA,LA Galaxy,81375,200000,Goalkeeper,Munich,Germany,194,89,Right,3,3,281375,3,Jonathan Klinsmann,"Germany , Munich",18,FALSE
Brad Knighton,NE,New England Revolutio,146750,157500,Goalkeeper,Hickory,USA,188,82,Right,6,6,304250,6,Brad Knighton,"USA , Hickory",13,FALSE
Zan Kolmanic,ATX,Austin,225000,300000,Defender,,,178,69,,30,23,525000,26.5,Zan Kolmanic," , ",12,TRUE
Yuya Kubo,CIN,Cincinnati,1206750,1206750,Forward,Yamaguchi,Japan,178,72,Right,29,29,2413500,29,Yuya Kubo,"Japan , Yamaguchi",9,FALSE
Oliver Larraz,COL,Colorado Rapids,63547,65500,Midfielder,,,178,63,,4,0,129047,2,Oliver Larraz," , ",13,TRUE
Ariel Lassiter,HOU,Houston Dynamo,230280,230280,Forward,,,178,70,Both,19,4,460560,11.5,Ariel Lassiter," , ",14,TRUE
Vukashin Latinovich,NYC,New York City,63547,85444,Defender,"Brookfield, WI",USA,186,82,,3,1,148991,2,Vukashin Latinovich,"USA , Brookfield, WI",19,FALSE
Kelvin Leerdam,MIA,Inter Miami,297625,335000,Defender,Paramaribo,Suriname,178,79,,29,18,632625,23.5,Kelvin Leerdam,"Suriname , Paramaribo",14,FALSE
Nico Lemoine,HOU,Houston Dynamo,66724,84000,Forward,"Livermore, CA",USA,180,67,,1,1,150724,1,Nico Lemoine,"USA , Livermore, CA",12,FALSE
Brooks Lennon,ATL,Atlanta United,375000,500000,Defender,Paradise Valley,USA,178,71,Right,32,30,875000,31,Brooks Lennon,"USA , Paradise Valley",13,FALSE
Antonio Leone,LAFC,LAFC,83375,102000,Defender,Long Beach,USA,185,82,,0,0,185375,0,Antonio Leone,"USA , Long Beach",13,FALSE
Danny Leyva,SEA,Seattle Sounders,100798,129423,Midfielder,Las Vegas,,178,68,,24,8,230221,16,Danny Leyva," , Las Vegas",11,FALSE
Nick Lima,ATX,Austin,350000,350000,Defender,Castro Valley,USA,176,80,,28,21,700000,24.5,Nick Lima,"USA , Castro Valley",9,FALSE
Nicolas Lodeiro,SEA,Seattle Sounders,2736667,3256667,Midfielder,Paysandú,Uruguay,174,71,Left,9,4,5993334,6.5,Nicolas Lodeiro,"Uruguay , Paysandú",15,FALSE
Aaron Long,RBNY,New York Red Bulls,925000,1080000,Defender,,,186,79,,5,5,2005000,5,Aaron Long," , ",10,TRUE
Daniel Lovitz,NSH,Nashville,415556,498750,Defender,Wyndmoor,USA,178,77,Left,27,26,914306,26.5,Daniel Lovitz,"USA , Wyndmoor",13,FALSE
Adam Lundkvist,HOU,Houston Dynamo,372500,372500,Defender,,Sweden,175,65,,25,22,745000,23.5,Adam Lundkvist,"Sweden , ",14,FALSE
Larrys Mabiala,POR,Portland Timbers,450000,460000,Defender,Montfermeil,France,189,84,Right,26,21,910000,23.5,Larrys Mabiala,"France , Montfermeil",14,FALSE
Lucas Maciel Felix,NE,New England Revolutio,63547,69902,Midfielder,,,170,70,,19,15,133449,17,Lucas Maciel Felix," , ",18,TRUE
Zac Macmath,RSL,Real Salt Lake,200000,200000,Goalkeeper,St. Petersburg,USA,188,80,,7,7,400000,7,Zac Macmath,"USA , St. Petersburg",11,FALSE
Jt Marcinkowski,SJ,San Jose Earthquakes,177000,300000,Goalkeeper,Alamo,USA,185,84,,33,33,477000,33,Jt Marcinkowski,"USA , Alamo",15,FALSE
Jahkeele Marshall-Rutty,TOR,Toronto,106842,136842,Forward,Brampton,Canada,171,70,,11,4,243684,7.5,Jahkeele Marshall-Rutty,"Canada , Brampton",23,FALSE
Nick Marsman,MIA,Inter Miami,262188,587184,Goalkeeper,Zwolle,Netherlands,188,88,Right,22,22,849372,22,Nick Marsman,"Netherlands , Zwolle",12,FALSE
Jose Antonio Martinez,DAL,Dallas,673000,723000,Defender,La Palma del Condado,Spain,189,84,Left,19,16,1396000,17.5,Jose Antonio Martinez,"Spain , La Palma del Condado",21,FALSE
Jose Andres Martinez,PHI,Philadelphia Union,251250,276250,Midfielder,Maracaibo,Venezuela,178,72,Right,24,23,527500,23.5,Jose Andres Martinez,"Venezuela , Maracaibo",20,FALSE
Alexandru Matan,CLB,Columbus Crew,408250,458250,Midfielder,Galati,Romania,168,61,,28,9,866500,18.5,Alexandru Matan,"Romania , Galati",15,FALSE
Jimmy Maurer,DAL,Dallas,267888,292887,Goalkeeper,Lawrenceville,,188,87,,24,24,560775,24,Jimmy Maurer," , Lawrenceville",12,FALSE
Chris Mavinga,TOR,Toronto,887500,1037500,Defender,,France,183,81,,22,21,1925000,21.5,Chris Mavinga,"France , ",13,FALSE
Philip Mayaka,COL,Colorado Rapids,94375,113000,Midfielder,Nairobi,Kenya,170,61,,0,0,207375,0,Philip Mayaka,"Kenya , Nairobi",13,FALSE
Olivier Mbaizo,PHI,Philadelphia Union,89513,367343,Defender,Douala,Cameroon,180,70,Right,30,28,456856,29,Olivier Mbaizo,"Cameroon , Douala",14,FALSE
John Mccarthy,MIA,Inter Miami,136583,110000,Goalkeeper,Philadelphia,USA,185,84,,13,12,246583,12.5,John Mccarthy,"USA , Philadelphia",13,FALSE
Dax Mccarty,NSH,Nashville,725000,517500,Midfielder,Winter Park,USA,176,68,Right,28,24,1242500,26,Dax Mccarty,"USA , Winter Park",11,FALSE
Christian Mcfarlane,NYC,New York City,81803,83756,Defender,,,182,63,,0,0,165559,0,Christian Mcfarlane," , ",19,TRUE
Jack Mcglynn,PHI,Philadelphia Union,78892,91400,Midfielder,,USA,183,73,Left,19,7,170292,13,Jack Mcglynn,"USA , ",12,FALSE
Zac Mcgraw,POR,Portland Timbers,66724,84000,Defender,Torrence,USA,193,93,,11,2,150724,6.5,Zac Mcgraw,"USA , Torrence",10,FALSE
Kendall Mcintosh,SKC,Sporting Kansas City,96375,120000,Goalkeeper,Oakland,USA,183,79,,0,0,216375,0,Kendall Mcintosh,"USA , Oakland",16,FALSE
Justin Mcmaster,MIN,Minnesota United,63547,66724,Forward,Kingston,USA,178,74,,7,0,130271,3.5,Justin Mcmaster,"USA , Kingston",15,FALSE
Ryan Meara,RBNY,New York Red Bulls,270000,324000,Goalkeeper,Crestwood,USA,192,84,,0,0,594000,0,Ryan Meara,"USA , Crestwood",10,FALSE
Tim Melia,SKC,Sporting Kansas City,504167,529167,Goalkeeper,Great River,USA,185,95,Right,28,28,1033334,28,Tim Melia,"USA , Great River",9,FALSE
Bryan Meredith,NSH,Nashville,87375,84000,Goalkeeper,"Scotch Plains, NJ",USA,188,89,,0,0,171375,0,Bryan Meredith,"USA , Scotch Plains, NJ",14,FALSE
Romain Metanire,MIN,Minnesota United,699250,819250,Defender,Metz,France,178,72,Right,29,29,1518500,29,Romain Metanire,"France , Metz",15,FALSE
Tyler Miller,MIN,Minnesota United,420937,445938,Goalkeeper,Woodbury,USA,193,88,,30,30,866875,30,Tyler Miller,"USA , Woodbury",12,FALSE
Eric Miller,NSH,Nashville,147000,168000,Defender,"Woodbury, MN",USA,185,79,Right,13,12,315000,12.5,Eric Miller,"USA , Woodbury, MN",11,FALSE
Ben Mines,CIN,Cincinnati,86239,88840,Midfielder,"Ridgefield, CT",USA,175,64,Both,0,0,175079,0,Ben Mines,"USA , Ridgefield, CT",9,FALSE
Alexandru Mitrita,NYC,New York City,700000,1150000,Midfielder,,,160,64,,0,0,1850000,0,Alexandru Mitrita," , ",17,TRUE
Cody Mizell,NYC,New York City,81375,85444,Goalkeeper,,,183,85,,0,0,166819,0,Cody Mizell," , ",11,TRUE
Alex Monis,CHI,Chicago Fire,68624,85900,Forward,Downers Grove,USA,168,60,,1,0,154524,0.5,Alex Monis,"USA , Downers Grove",10,FALSE
Callum Montgomery,MIN,Minnesota United,83292,87361,Defender,"Nanaimo, BC",Canada,190,80,,0,0,170653,0,Callum Montgomery,"Canada , Nanaimo, BC",17,FALSE
Drew Moor,COL,Colorado Rapids,165000,172500,Defender,"Dallas, TX",USA,183,75,Right,12,1,337500,6.5,Drew Moor,"USA , Dallas, TX",9,FALSE
Efrain Morales,ATL,Atlanta United,63547,65500,Defender,"Decatur, GA",USA,191,77,,0,0,129047,0,Efrain Morales,"USA , Decatur, GA",14,FALSE
Alfredo Morales,NYC,New York City,662250,662250,Midfielder,Berlin,Germany,183,77,Right,27,20,1324500,23.5,Alfredo Morales,"Germany , Berlin",15,FALSE
Steven Moreira,CLB,Columbus Crew,432708,632708,Defender,,,178,72,Right,7,6,1065416,6.5,Steven Moreira," , ",14,TRUE
Santiago Moreno,POR,Portland Timbers,294576,344576,Midfielder,Cali,Colombia,173,67,,13,3,639152,8,Santiago Moreno,"Colombia , Cali",15,FALSE
Aidan Morris,CLB,Columbus Crew,147000,172000,Midfielder,Fort Lauderdale,USA,173,61,,0,0,319000,0,Aidan Morris,"USA , Fort Lauderdale",12,FALSE
Jordan Morris,SEA,Seattle Sounders,1270100,1370100,Forward,Mercer Island,USA,183,84,Right,2,0,2640200,1,Jordan Morris,"USA , Mercer Island",13,FALSE
Eddie Munjoma,DAL,Dallas,66724,84000,Defender,"McKinney, TX",USA,178,73,,12,5,150724,8.5,Eddie Munjoma,"USA , McKinney, TX",13,FALSE
Jesus Murillo,LAFC,LAFC,459500,509500,Defender,Cali,Colombia,183,72,Right,32,32,969000,32,Jesus Murillo,"Colombia , Cali",13,FALSE
Miguel Angel Navarro,CHI,Chicago Fire,197000,240204,Defender,Maracaibo,Venezuela,175,70,Left,28,25,437204,26.5,Miguel Angel Navarro,"Venezuela , Maracaibo",20,FALSE
Jalen Neal,LA,LA Galaxy,103625,113625,Defender,,USA,191,77,,0,0,217250,0,Jalen Neal,"USA , ",10,FALSE
Dylan Nealis,NSH,Nashville,125000,200000,Defender,Massapequa,USA,180,79,,4,2,325000,3,Dylan Nealis,"USA , Massapequa",12,FALSE
Michael Nelson,HOU,Houston Dynamo,85444,139500,Goalkeeper,,USA,193,81,,11,11,224944,11,Michael Nelson,"USA , ",14,FALSE
John Nelson,DAL,Dallas,123000,73500,Defender,Medina,USA,175,74,,10,6,196500,8,John Nelson,"USA , Medina",11,FALSE
Jayden Nelson,TOR,Toronto,106586,136586,Forward,Brampton,Canada,170,67,,7,3,243172,5,Jayden Nelson,"Canada , Brampton",13,FALSE
Evan Newton,VAN,Vancouver Whitecaps,104802,114802,Goalkeeper,"Virginia Beach, VA",USA,188,86,,0,0,219604,0,Evan Newton,"USA , Virginia Beach, VA",11,FALSE
Alfonso Ocampo-Chavez,SEA,Seattle Sounders,95875,114500,Forward,Merced,USA,178,66,,0,0,210375,0,Alfonso Ocampo-Chavez,"USA , Merced",21,FALSE
Emmanuel Ochoa,SJ,San Jose Earthquakes,75080,94051,Goalkeeper,Salinas,USA,188,68,,0,0,169131,0,Emmanuel Ochoa,"USA , Salinas",14,FALSE
David Ochoa,RSL,Real Salt Lake,90000,103500,Goalkeeper,,,188,79,,25,25,193500,25,David Ochoa," , ",11,TRUE
Chris Odoi-Atsem,DC,DC United,141000,151000,Defender,,,178,68,,9,2,292000,5.5,Chris Odoi-Atsem," , ",16,TRUE
Wyatt Omsberg,CHI,Chicago Fire,85444,157000,Defender,,,193,82,,18,9,242444,13.5,Wyatt Omsberg," , ",13,TRUE
Kwadwo Opoku,LAFC,LAFC,122430,133095,Forward,Accra,Ghana,170,70,,4,2,255525,3,Kwadwo Opoku,"Ghana , Accra",12,FALSE
Arquimides Ordonez,CIN,Cincinnati,67084,69037,Forward,,USA,188,72,,4,0,136121,2,Arquimides Ordonez,"USA , ",18,FALSE
Leonard Owusu,VAN,Vancouver Whitecaps,401250,401250,Midfielder,Accra,Ghana,180,72,Right,24,14,802500,19,Leonard Owusu,"Ghana , Accra",13,FALSE
Diego Palacios,LAFC,LAFC,456000,510000,Defender,Guayaquil,Ecuador,169,68,Left,27,19,966000,23,Diego Palacios,"Ecuador , Guayaquil",14,FALSE
Marcelo Palomino,HOU,Houston Dynamo,66724,84000,Midfielder,"Houston, TX",USA,170,70,,0,0,150724,0,Marcelo Palomino,"USA , Houston, TX",16,FALSE
Elliot Panicco,NSH,Nashville,81375,85444,Goalkeeper,Paducah,USA,196,93,,0,0,166819,0,Elliot Panicco,"USA , Paducah",14,FALSE
James Pantemis,MTL,Montreal,145833,160833,Goalkeeper,Montreal,Canada,185,77,,18,18,306666,18,James Pantemis,"Canada , Montreal",14,FALSE
Isaiah Parente,CLB,Columbus Crew,67547,70724,Midfielder,,,179,68,,6,2,138271,4,Isaiah Parente," , ",14,TRUE
Tim Parker,HOU,Houston Dynamo,1199300,1037500,Defender,New York,USA,188,88,,34,34,2236800,34,Tim Parker,"USA , New York",10,FALSE
Matias Pellegrini,MIA,Inter Miami,920833,970833,Forward,,,180,72,,0,0,1891666,0,Matias Pellegrini," , ",17,TRUE
Danny Pereira,ATX,Austin,99793,102258,Midfielder,,,175,68,,25,18,202051,21.5,Danny Pereira," , ",13,TRUE
Jonathan Perez,LA,LA Galaxy,146750,171750,Midfielder,Los Angeles,USA,168,72,Left,3,0,318500,1.5,Jonathan Perez,"USA , Los Angeles",14,FALSE
Adrien Perez,DC,DC United,81375,89513,Forward,,,183,77,,17,10,170888,13.5,Adrien Perez," , ",12,TRUE
Kayden Pierre,SKC,Sporting Kansas City,68647,70600,Defender,Rochester Hills,USA,175,70,,0,0,139247,0,Kayden Pierre,"USA , Rochester Hills",13,FALSE
Rodrigo Pineiro,NSH,Nashville,347500,372500,Forward,Montevideo,Uruguay,175,71,Right,2,0,720000,1,Rodrigo Pineiro,"Uruguay , Montevideo",15,FALSE
Donovan Pines,DC,DC United,127000,152000,Defender,Clarksville,USA,186,91,,18,16,279000,17,Donovan Pines,"USA , Clarksville",13,FALSE
Alvas Powell,PHI,Philadelphia Union,88875,167000,Defender,St. Thomas,Jamaica,183,75,Right,5,4,255875,4.5,Alvas Powell,"Jamaica , St. Thomas",12,FALSE
Jack Price,COL,Colorado Rapids,655625,725000,Midfielder,,,170,87,Right,30,30,1380625,30,Jack Price," , ",10,TRUE
William Pulisic,ATX,Austin,63547,66724,Goalkeeper,Mechanicsville,USA,180,77,,0,0,130271,0,William Pulisic,"USA , Mechanicsville",15,FALSE
John Pulskamp,SKC,Sporting Kansas City,69860,92216,Goalkeeper,Bakersfield,USA,193,95,,6,6,162076,6,John Pulskamp,"USA , Bakersfield",13,FALSE
Andrew Putna,RSL,Real Salt Lake,153458,168458,Goalkeeper,"Lemont, IL",USA,188,82,,3,2,321916,2.5,Andrew Putna,"USA , Lemont, IL",12,FALSE
Facundo Quignon,DAL,Dallas,840627,840627,Midfielder,Buenos Aires,Argentina,178,73,Left,18,16,1681254,17,Facundo Quignon,"Argentina , Buenos Aires",15,FALSE
Kaveh Rad,SKC,Sporting Kansas City,63547,84000,Defender,"Chapel Hill, NC",USA,185,84,,5,2,147547,3.5,Kaveh Rad,"USA , Chapel Hill, NC",9,FALSE
Ryan Raposo,VAN,Vancouver Whitecaps,104000,114000,Midfielder,Hamilton,Canada,170,63,,21,3,218000,12,Ryan Raposo,"Canada , Hamilton",11,FALSE
Sean Rea,MTL,Montreal,71730,74809,Midfielder,"Montreal, QC",USA,165,67,,0,0,146539,0,Sean Rea,"USA , Montreal, QC",8,FALSE
Matthew Real,PHI,Philadelphia Union,90000,105000,Defender,,USA,183,73,,8,1,195000,4.5,Matthew Real,"USA , ",12,FALSE
Rodney Redes,ATX,Austin,385000,412500,Forward,La Colmena,Paraguay,172,72,,25,5,797500,15,Rodney Redes,"Paraguay , La Colmena",12,FALSE
Beni Redzic,DAL,Dallas,71169,74346,Forward,"Carrollton, TX",USA,178,72,,0,0,145515,0,Beni Redzic,"USA , Carrollton, TX",11,FALSE
Eric Remedi,SJ,San Jose Earthquakes,450000,450000,Midfielder,Parana,Argentina,167,77,Right,29,26,900000,27.5,Eric Remedi,"Argentina , Parana",11,FALSE
Justin Rennicks,NE,New England Revolutio,110000,120000,Forward,Boston,USA,180,75,,1,0,230000,0.5,Justin Rennicks,"USA , Boston",15,FALSE
Andre Reynolds,CHI,Chicago Fire,89375,98000,Defender,Chicago,USA,175,70,,0,0,187375,0,Andre Reynolds,"USA , Chicago",14,FALSE
Spencer Richey,SEA,Seattle Sounders,81375,132000,Goalkeeper,Seattle,USA,185,88,,2,2,213375,2,Spencer Richey,"USA , Seattle",14,FALSE
Tosaint Ricketts,VAN,Vancouver Whitecaps,165000,84000,Forward,"Edmonton, AB",Canada,183,77,,14,0,249000,7,Tosaint Ricketts,"Canada , Edmonton, AB",16,FALSE
Damian Rivera,NE,New England Revolutio,63547,84000,Midfielder,Cranston,USA,178,73,,1,0,147547,0.5,Damian Rivera,"USA , Cranston",13,FALSE
Wilfredo Rivera,ORL,Orlando City,63547,66724,Midfielder,,,168,67,,0,0,130271,0,Wilfredo Rivera," , ",15,TRUE
Thomas Roberts,DAL,Dallas,163000,172000,Midfielder,"Little Rock, AR",USA,180,68,Left,0,0,335000,0,Thomas Roberts,"USA , Little Rock, AR",14,FALSE
Alexandre Pato,ORL,Orlando City,272727,400000,Forward,,,175,72,,4,1,672727,2.5,Alexandre Pato," , ",14,TRUE
Abraham Rodriguez,COL,Colorado Rapids,63547,84000,Goalkeeper,,,173,75,,0,0,147547,0,Abraham Rodriguez," , ",17,TRUE
Allan Rodriguez,CHI,Chicago Fire,68624,85900,Midfielder,Elkhart,USA,165,69,,0,0,154524,0,Allan Rodriguez,"USA , Elkhart",15,FALSE
Jhohan Romana,ATX,Austin,420000,440000,Defender,Apartadó,Colombia,185,79,,25,19,860000,22,Jhohan Romana,"Colombia , Apartadó",13,FALSE
Tomas Romero,LAFC,LAFC,86375,95000,Goalkeeper,Cherry Hill,USA,188,86,Right,18,18,181375,18,Tomas Romero,"USA , Cherry Hill",12,FALSE
Dave Romney,NSH,Nashville,225000,475000,Defender,Irvine,USA,188,86,,33,33,700000,33,Dave Romney,"USA , Irvine",11,FALSE
Eloy Room,CLB,Columbus Crew,479698,883000,Goalkeeper,Nijmegen,Netherlands,188,81,Right,30,30,1362698,30,Eloy Room,"Netherlands , Nijmegen",9,FALSE
Joseph Rosales,MIN,Minnesota United,81375,65500,Midfielder,Tegucigalpa,Honduras,,,,6,0,146875,3,Joseph Rosales,"Honduras , Tegucigalpa",14,FALSE
Oriol Rosell,ORL,Orlando City,475000,475000,Midfielder,Puig-Reig,Spain,183,70,Right,14,6,950000,10,Oriol Rosell,"Spain , Puig-Reig",12,FALSE
Matheus Rossetto,ATL,Atlanta United,662500,662500,Midfielder,Santo Amaro da Imperatriz,Brazil,180,75,Right,21,15,1325000,18,Matheus Rossetto,"Brazil , Santo Amaro da Imperatriz",16,FALSE
Pablo Ruiz,RSL,Real Salt Lake,448500,523500,Midfielder,Comodoro de Rivadavia,Argentina,172,80,Left,29,24,972000,26.5,Pablo Ruiz,"Argentina , Comodoro de Rivadavia",10,FALSE
Adam Esparza-Saldana,LA,LA Galaxy,87309,89513,Midfielder,,USA,173,66,,18,5,176822,11.5,Adam Esparza-Saldana,"USA , ",20,FALSE
Shea Salinas,SJ,San Jose Earthquakes,280000,280000,Midfielder,Lubbock,USA,175,75,,27,14,560000,20.5,Shea Salinas,"USA , Lubbock",12,FALSE
James Sands,NYC,New York City,200000,493956,Midfielder,Rye,USA,185,84,Right,26,26,693956,26,James Sands,"USA , Rye",11,FALSE
Rodrigo Schlegel,ORL,Orlando City,127425,200000,Defender,Remedios de Escalada,Argentina,182,82,Right,23,16,327425,19.5,Rodrigo Schlegel,"Argentina , Remedios de Escalada",16,FALSE
Tate Schmitt,RSL,Real Salt Lake,90000,92500,Forward,"Phoenix, AZ",USA,178,72,,0,0,182500,0,Tate Schmitt,"USA , Phoenix, AZ",12,FALSE
Brady Scott,ATX,Austin,121236,84000,Goalkeeper,Petaluma,USA,187,79,Right,0,0,205236,0,Brady Scott,"USA , Petaluma",11,FALSE
Eddie Segura,LAFC,LAFC,224000,224000,Defender,Pereira,Colombia,178,70,Right,15,14,448000,14.5,Eddie Segura,"Colombia , Pereira",12,FALSE
Amar Sejdic,ATL,Atlanta United,81375,85444,Midfielder,Berlin,Germany,178,72,,10,5,166819,7.5,Amar Sejdic,"Germany , Berlin",11,FALSE
Brandon Servania,DAL,Dallas,271400,455833,Midfielder,Birmingham,USA,178,73,,14,11,727233,12.5,Brandon Servania,"USA , Birmingham",16,FALSE
Marcelo Silva,RSL,Real Salt Lake,596667,646667,Defender,Fray Bentos,Uruguay,185,91,Right,20,20,1243334,20,Marcelo Silva,"Uruguay , Fray Bentos",13,FALSE
Judson,SJ,San Jose Earthquakes,365000,425000,Midfielder,,Brazil,168,76,,23,20,790000,21.5,Judson,"Brazil , ",6,FALSE
Jonathan Sirois,MTL,Montreal,71167,88319,Goalkeeper,,,183,73,,0,0,159486,0,Jonathan Sirois," , ",15,TRUE
Jack Skahan,SJ,San Jose Earthquakes,66724,84000,Midfielder,Memphis,USA,178,78,,9,2,150724,5.5,Jack Skahan,"USA , Memphis",11,FALSE
Andrew Skundrich,DC,DC United,81375,89513,Midfielder,,,180,75,,20,11,170888,15.5,Andrew Skundrich," , ",16,TRUE
Gabriel Slonina,CHI,Chicago Fire,104800,147800,Goalkeeper,Addison,USA,193,88,,11,11,252600,11,Gabriel Slonina,"USA , Addison",15,FALSE
Kimarni Smith,DC,DC United,81375,85444,Forward,,,185,73,,3,1,166819,2,Kimarni Smith," , ",13,TRUE
Collin Smith,DAL,Dallas,66547,93000,Defender,Jacksonville,,178,78,,0,0,159547,0,Collin Smith," , Jacksonville",12,FALSE
Anthony Sorenson,PHI,Philadelphia Union,66547,88444,Defender,Port-au-Prince,Haiti,168,57,,0,0,154991,0,Anthony Sorenson,"Haiti , Port-au-Prince",16,FALSE
Santiago Sosa,ATL,Atlanta United,503100,643100,Midfielder,La Plata,Argentina,175,78,Right,25,25,1146200,25,Santiago Sosa,"Argentina , La Plata",13,FALSE
Caio Alexandre,VAN,Vancouver Whitecaps,539583,562500,Midfielder,Duque de Caxias,Brazil,175,68,,15,11,1102083,13,Caio Alexandre,"Brazil , Duque de Caxias",14,FALSE
Omar Sowe,RBNY,New York Red Bulls,72633,93086,Forward,,,183,77,,1,0,165719,0.5,Omar Sowe," , ",9,TRUE
Dayne St. Clair,MIN,Minnesota United,99520,321875,Goalkeeper,Pickering,Canada,191,75,,4,4,421395,4,Dayne St. Clair,"Canada , Pickering",15,FALSE
Mason Stajduhar,ORL,Orlando City,85444,89716,Goalkeeper,Salem,USA,188,86,Right,5,5,175160,5,Mason Stajduhar,"USA , Salem",15,FALSE
Daniel Steres,LA,LA Galaxy,393750,468750,Defender,Burbank,USA,183,78,,18,13,862500,15.5,Daniel Steres,"USA , Burbank",13,FALSE
Brad Stuver,ATX,Austin,160000,185000,Goalkeeper,Mayfield,USA,191,82,,33,33,345000,33,Brad Stuver,"USA , Mayfield",11,FALSE
Hunter Sulte,POR,Portland Timbers,68143,69892,Goalkeeper,,,201,88,,2,1,138035,1.5,Hunter Sulte," , ",12,TRUE
Beckham Sunderland,CIN,Cincinnati,67609,87863,Goalkeeper,"Aurora, IL",USA,185,77,,0,0,155472,0,Beckham Sunderland,"USA , Aurora, IL",18,FALSE
Ben Sweat,ATX,Austin,250000,200000,Defender,Palm Harbor,USA,185,80,Left,2,2,450000,2,Ben Sweat,"USA , Palm Harbor",9,FALSE
Andrew Tarbell,ATX,Austin,283333,308333,Goalkeeper,,,191,86,,1,1,591666,1,Andrew Tarbell," , ",14,TRUE
Dj Taylor,MIN,Minnesota United,63547,85444,Defender,Raleigh,USA,173,72,,8,6,148991,7,Dj Taylor,"USA , Raleigh",9,FALSE
Andrew Thomas,SEA,Seattle Sounders,88875,91500,Goalkeeper,,,188,82,,0,0,180375,0,Andrew Thomas," , ",13,TRUE
Tommy Thompson,SJ,San Jose Earthquakes,265000,280000,Defender,Hinsdale,USA,170,72,,14,12,545000,13,Tommy Thompson,"USA , Hinsdale",14,FALSE
Robert Thorkelsson,MTL,Montreal,173500,173500,Defender,,,,,,0,0,347000,0,Robert Thorkelsson," , ",18,TRUE
Anton Tinnerholm,NYC,New York City,650000,800000,Defender,Linkoping,Sweden,175,68,Right,25,23,1450000,24,Anton Tinnerholm,"Sweden , Linkoping",16,FALSE
Nouhou Tolo,SEA,Seattle Sounders,169274,344274,Defender,Douala,Cameroon,178,79,Left,19,16,513548,17.5,Nouhou Tolo,"Cameroon , Douala",11,FALSE
Christian Torres,LAFC,LAFC,90968,101230,Forward,Fontana,USA,178,69,,0,0,192198,0,Christian Torres,"USA , Fontana",16,FALSE
Dantouma Toure,COL,Colorado Rapids,78165,80118,Forward,,Guinea,175,68,,1,0,158283,0.5,Dantouma Toure,"Guinea , ",14,FALSE
Mohamed Traore,LAFC,LAFC,91444,100000,Defender,Dakar,Senegal,190,71,,0,0,191444,0,Mohamed Traore,"Senegal , Dakar",14,FALSE
Cole Turner,PHI,Philadelphia Union,88444,92716,Midfielder,"Churchville, MD",USA,188,82,,1,0,181160,0.5,Cole Turner,"USA , Churchville, MD",11,FALSE
Ema Twumasi,DAL,Dallas,246900,309300,Midfielder,Accra,Ghana,173,76,,23,19,556200,21,Ema Twumasi,"Ghana , Accra",11,FALSE
Victor Ulloa,MIA,Inter Miami,220000,250000,Midfielder,Wylie,USA,181,75,,21,14,470000,17.5,Victor Ulloa,"USA , Wylie",12,FALSE
Zarek Valentin,HOU,Houston Dynamo,280000,290000,Defender,Lancaster,USA,183,77,,29,28,570000,28.5,Zarek Valentin,"USA , Lancaster",14,FALSE
Jose Van Rankin,POR,Portland Timbers,105255,85000,Defender,Mexico City,Mexico,173,68,Right,33,27,190255,30,Jose Van Rankin,"Mexico , Mexico City",15,FALSE
Kenneth Vermeer,CIN,Cincinnati,104375,84000,Goalkeeper,Amsterdam,Netherlands,181,78,Right,19,19,188375,19,Kenneth Vermeer,"Netherlands , Amsterdam",15,FALSE
Pedro Vite,VAN,Vancouver Whitecaps,609997,609997,Midfielder,Babahoyo,Ecuador,168,68,,0,0,1219994,0,Pedro Vite,"Ecuador , Babahoyo",10,FALSE
Justin Vom Steeg,LA,LA Galaxy,85444,84000,Goalkeeper,Santa Barbara,USA,193,82,,0,0,169444,0,Justin Vom Steeg,"USA , Santa Barbara",16,FALSE
Casey Walls,SJ,San Jose Earthquakes,88000,103000,Defender,London,England,188,78,Left,0,0,191000,0,Casey Walls,"England , London",11,FALSE
Taylor Washington,NSH,Nashville,89513,107570,Defender,Somers,USA,178,77,,17,12,197083,14.5,Taylor Washington,"USA , Somers",17,FALSE
Bryce Washington,ATL,Atlanta United,63547,65500,Defender,"Atlanta, GA",USA,188,82,,0,0,129047,0,Bryce Washington,"USA , Atlanta, GA",16,FALSE
Joel Waterman,MTL,Montreal,90284,133909,Defender,Langley,Canada,185,78,,22,21,224193,21.5,Joel Waterman,"Canada , Langley",13,FALSE
Patrick Weah,MIN,Minnesota United,76733,79910,Forward,,,185,84,,2,0,156643,1,Patrick Weah," , ",12,TRUE
Quentin Westberg,TOR,Toronto,288583,313583,Goalkeeper,Suresnes,France,185,76,,10,10,602166,10,Quentin Westberg,"France , Suresnes",16,FALSE
Josh Williams,CLB,Columbus Crew,302500,325000,Defender,Akron,USA,187,88,Right,18,14,627500,16,Josh Williams,"USA , Akron",13,FALSE
Derrick Williams,LA,LA Galaxy,821458,821458,Defender,,,180,75,,21,20,1642916,20.5,Derrick Williams," , ",16,TRUE
Thomas Williams,ORL,Orlando City,70077,73254,Defender,,USA,191,77,,0,0,143331,0,Thomas Williams,"USA , ",15,FALSE
Joe Willis,NSH,Nashville,316250,316250,Goalkeeper,St. Louis,USA,196,86,,34,34,632500,34,Joe Willis,"USA , St. Louis",10,FALSE
Tyler Wolff,ATL,Atlanta United,79500,114500,Forward,,USA,175,70,,7,2,194000,4.5,Tyler Wolff,"USA , ",11,FALSE
Owen Wolff,ATX,Austin,76600,78553,Midfielder,Snellville,USA,176,66,,2,0,155153,1,Owen Wolff,"USA , Snellville",10,FALSE
Karifa Yao,MTL,Montreal,85591,89933,Defender,,Canada,191,85,,0,0,175524,0,Karifa Yao,"Canada , ",10,FALSE
Darren Yapi,COL,Colorado Rapids,74380,76333,Forward,Denver,USA,185,79,,0,0,150713,0,Darren Yapi,"USA , Denver",11,FALSE
William Yarbrough,COL,Colorado Rapids,375000,375000,Goalkeeper,Aguascalientes,Mexico,187,73,Right,33,33,750000,33,William Yarbrough,"Mexico , Aguascalientes",17,FALSE
Eriq Zavaleta,TOR,Toronto,115503,84000,Defender,Westfield,USA,186,83,,14,12,199503,13,Eriq Zavaleta,"USA , Westfield",13,FALSE
Gedion Zelalem,NYC,New York City,81375,84000,Midfielder,Berlin,Germany,180,74,Right,7,1,165375,4,Gedion Zelalem,"Germany , Berlin",14,FALSE
Rida Zouhir,MTL,Montreal,71730,74809,Midfielder,,Canada,178,73,,2,0,146539,1,Rida Zouhir,"Canada , ",11,FALSE
Dario Zuparic,POR,Portland Timbers,541667,579200,Defender,Zupanja,Croatia,185,84,Both,31,30,1120867,30.5,Dario Zuparic,"Croatia , Zupanja",13,FALSE
Graham Zusi,SKC,Sporting Kansas City,713333,450000,Defender,Longwood,USA,178,72,Left,26,24,1163333,25,Graham Zusi,"USA , Longwood",11,FALSE
